SN Name,Host Galaxy,SN Ra,SN Dec,Host Ra,Host Dec,Host Ra from PS,Host Dec from PS,g mag, r mag ,East Offset,North Offset,Separation,Angle,Observation,Finding chart with SN,Finding chart without SN,,
ATLAS16dpb,CGCG_415-40,02:57:34.02',+05:58:41.30',02:57:33.667',+05:58:36.92',02:57:33.665,+05:58:37.05,13.168,12.951,-5.3,-4.25,6.79,231.25,01/13/18-KAST,,,-,
2017dfu,LEDA 897432,08:19:09.20,-16:29:44.5,08:19:09.1,-16:29:40,,,,16.6,-1.44,4.50,4.72,342.28,01/13/18-KAST,,,,
SN2017mu,GALEXASC J093036.72+212437.4,09:30:36.58,+21:24:42.32,09:30:36.72,+21:24:37.4,09:30:36.63,+21:24:39.39,18.3,17.9,0.69,-2.92,3.01,166.60,01/13/18-KAST,https://star.pst.qub.ac.uk/sne/ps13pi/site_media/images/data/ps13pi/57788/1093036591212442500_57788.546_80852107_86_targetfinder.jpeg,https://star.pst.qub.ac.uk/sne/ps13pi/site_media/images/data/ps13pi/57788/1093036591212442500_57788.558_80854147_91_reffinder.jpeg,,
PS17tn,2MASX J09431321+4118581,09:43:13.64,+41:19:02.2,09:43:13.21,+41:18:58.60,,,17.54,16.638,-4.84,-3.60,6.04,233.38,01/13/18-KAST,,,,
ATLAS17bas,SDSS J110735.45+225104.1,11:07:35.49,+22:51:4.57,11:07:35.458,+22:51:04.20,,,17.648,17.585,-0.44,-0.37,0.58,230.09,01/13/18-KAST,,,,
ASASSN-17fx,2MASX J12314373+3612331,12:31:43.688,+36:12:34.93,12:31:43.73,+36:12:33.1,,,17.896,17.019,0.51,-1.83,1.90,164.48,01/13/18-KAST,,,,
2017glq,IC208,02:08:28.00,+06:23:16.60,02:08:27.74,+06:23:41.7,,,13.5,13.1,-3.88,25.10,25.40,351.22,01/14/18-LRIS,https://star.pst.qub.ac.uk/sne/ps13pi/site_media/images/data/ps13pi/58026/1020827961062316500_58026.529_86402773_1_targetfinder.jpeg,https://star.pst.qub.ac.uk/sne/ps13pi/site_media/images/data/ps13pi/58026/1020827961062316500_58026.529_86402779_0_reffinder.jpeg,,
2017hju, NGC 974,02:34:26.22,+32:56:14.34,02:34:26.198,+32:56:14.06,,,20.0,19.8,-0.28,-0.28,0.39,224.69,01/14/18-LRIS,,,,
2017hoo,GALEXASC J032955.28-181741.7,03:29:55.18,-18:17:39.51,03:29:55.30,-18:17:43.4,,,20.2,19.4,1.71,-3.89,4.25,156.28,01/14/18-LRIS,,,,
ASASSN-15pn,SDSS_J040326.23-052930.6,04:03:26.32',-05:29:31.30',04:03:26.23',-05:29:30.6',04:03:26.232,-05:29:30.70,18.29,18.172,-1.31,0.60,1.44,294.54,01/14/18-LRIS,,,-,
PS15mt,SDSS_J095444.27+231151.6,09:54:44.17,+23:11:53.1,09:54:44.27,+23:11:51.6,09:54:44.278,+23:11:51.70,20.3,19.95,1.49,-1.40,2.04,133.23,01/14/18-LRIS,https://star.pst.qub.ac.uk/sne/ps13pi/site_media/images/data/ps13pi/57096/1095444171231153100_57096.288_41276596_61_targetfinder.jpeg,https://star.pst.qub.ac.uk/sne/ps13pi/site_media/images/data/ps13pi/57096/1095444171231153100_57096.288_41276603_70_reffinder.jpeg,-,
ATLAS17jxd,SDSS J011146.82+072145.9,01:11:46.90,+07:21:46.78,01:11:46.82,+07:21:45.9,,,,20.75,-1.19,-0.88,1.48,233.52,01/15/18-LRIS,,,,
2016htm,Uncertain (2MASX J02320134-2639576),02:32:02.62,-26:39:57.29,02:32:01.3 ,-26:39:57,,,19.456,18.7,-17.69,0.29,17.70,270.94,01/15/18-LRIS,,,,
ASASSN-15ss,MCG_-02-16-004,06:12:33.398',-14:15:26.94',06:12:34.86',-14:15:28.01',06:12:34.804,-14:15:27.90,17.49,16.724,20.44,-0.96,20.46,92.69,01/15/18-LRIS,,,-,
ATLAS17dzg,SDSS J090834.64+483625.9,09:08:34.75,+48:36:26.06,09:08:34.64,+48:36:25.9,,,19.575,19.162,-1.09,-0.16,1.10,261.66,01/15/18-LRIS,,,,
PS16ez,SDSS_J092426.62+051018.1,09:24:26.46',+05:10:14.6',09:24:26.62',+05:10:18.1',09:24:26.627,+05:10:18.23,19.122,18.585,2.49,3.63,4.4,34.5,01/15/18-LRIS,,,-,
2017hjy,SDSS J023602.15+432817.6,02:36:02.56,+43:28:19.51,02:36:02.15,+43:28:17.6,,,16.1,15.6,-4.46,-1.91,4.85,246.83,01/23/2018-KAST,,,,
ASASSN-16et,2MASX_J10200192+5627397,10:20:01.721',+56:27:39.74',10:20:01.92',+56:27:39.7',10:20:01.801,+56:27:40.15,18.572,18.43,0.66,0.41,0.78,58.27,01/23/2018-KAST,,,-,
ASASSN-17at,2MASX J11383367+2523532	,11:38:33.662	,+25:23:50.17	,11:38:33.67	,+25:23:53.2	,,,18.312,17.892,0.11,3.03,3.03,2.05,01/23/2018-KAST,,,,
ASASSN-16hc,2MASX_J13590394+3308172,13:59:04.456',+33:08:20.30',13:59:03.94',+33:08:17.2',13:59:03.946,+33:08:17.70,17.337,16.692,-6.41,-2.60,6.91,247.91,01/23/2018-KAST,,,-,
2016htn,Anonymous (2MASX J02112819-1630409),02:11:29.07,-16:30:37.17,02:11:28.2 ,-16:30:41,,,16.18,17.906,-12.51,-3.83,13.08,252.98,01/26/20-LRIS,https://star.pst.qub.ac.uk/ps1threepi/psdb/candidate/1022313190043101900/,,,
2016hpx,???,06:03:16.66,-26:53:54.82,-,-,06 03 16.428,-26 53 54.73,-,19.6,-3.1,0.09,3.1,271.66,01/26/20-LRIS,https://star.pst.qub.ac.uk/sne/ps13pi/site_media/images/data/ps13pi/57766/1060316660265354900_57766.371_80143795_121_targetfinder.jpeg,https://star.pst.qub.ac.uk/sne/ps13pi/site_media/images/data/ps13pi/57766/1060316660265354900_57766.382_80145450_93_reffinder.jpeg,-,
2017jet,2MASX J08362270+8141217,08:37:00.96,+81:41:42.50,08:37:00.959,+81:41:44.42,08:37:00.959,+81:41:44.42,,20.2,0.00,1.92,1.92,359.94,01/26/20-LRIS,,,,
AT2017wb,2MASX J11011991+7039548,11:01:19.53,+70:39:54.76,11:01:19.92,+70:39:55.0,,,18.3,17.96,1.94,0.24,1.95,82.94,01/26/20-LRIS,https://star.pst.qub.ac.uk/sne/ps13pi/site_media/images/data/ps13pi/57795/1110119521703953600_57795.464_80985463_35_targetfinder.jpeg,https://star.pst.qub.ac.uk/sne/ps13pi/site_media/images/data/ps13pi/57795/1110119521703953600_57795.479_80987309_29_reffinder.jpeg,,
2018pj,2MASX J07103280+3238411,07:10:31.73,+32:38:46.43,07:10:32.80,+32:38:40.8,,,17.8,17.2,13.51,-5.63,14.64,112.61,01/27/17-KAST,,,,
2018ha,2MASX J09112252+2351285,09:11:22.99,+23:51:28.45,09:11:22.545,+23:51:28.51,,,16.7,16,-6.10,0.06,6.10,270.56,01/27/17-KAST,,,,
2016afk,SDSS_J102229.86+150547.0,10:22:29.90',+15:05:47.73',10:22:29.86',+15:05:47.0',10:22:29.875,+15:05:47.03,18.532,18.141,-0.36,-0.70,0.79,207.35,02/06/18-KAST,,,-,
SN2017ms,SDSS J102641.99+364053.2,10:26:42.35,+36:40:50.62,10:26:41.99,+36:40:53.2,,,19.68,19.35,-4.57,2.58,5.25,299.44,02/06/18-KAST,,,,
PS16aer,CGCG_095-067,10:54:58.19',+14:16:17.7',10:54:58.85',+14:16:17.87',10:54:58.851,+14:16:17.83,18.678,17.728,9.61,0.13,9.61,89.22,02/06/18-KAST,,,-,
2017dfq,NGC 3506,11:03:13.00,+11:04:40.87,11:03:12.971,+11:04:36.03,,,17.401,16.596,-0.43,-4.84,4.86,185.04,02/06/18-KAST,,,,
ATLAS17ajs,KUG 1125+276,11:27:54.52,+27:20:44.7,11:27:55.245,+27:20:49.28,,,19.18,18.843,9.66,4.58,10.69,64.63,02/06/18-KAST,,,,
SN2016coj,NGC_4125,12:08:06.80',+65:10:37.9',12:08:06.01',+65:10:26.90',12:08:05.884,+65:10:27.57,13.269,12.246,-5.77,-10.33,11.83,209.18,02/06/18-KAST,,,-,
SN2017hn,UGC 8204,13:07:39.46,+6:20:14.6,13:07:39.4,+06:20:09,,,13.267,13.232,-0.89,-5.60,5.67,189.08,02/06/18-KAST,,,,
PS17ckg,SDSS J131621.63+274137.1,13:16:21.60,+27:41:35.30,13:16:21.63,+27:41:37.1,,,18.98,18.62,0.40,1.80,1.84,12.48,02/06/18-KAST,https://star.pst.qub.ac.uk/sne/ps13pi/site_media/images/data/ps13pi/57859/1131621591274135300_57859.508_82574763_44_targetfinder.jpeg,https://star.pst.qub.ac.uk/sne/ps13pi/site_media/images/data/ps13pi/57859/1131621591274135300_57859.520_82575674_46_reffinder.jpeg,,
AT2017oz,SDSS J140641.53+301906.5,14:06:41.58,+30:19:07.49,14:06:41.532,+30:19:06.61,,,18.614,18.274,-0.62,-0.88,1.08,215.23,02/06/18-KAST,,,,
SN2017mf,NGC5541,14:16:31.00,+39:35:12.02,14:16:31.802,+39:35:20.59,,,17.041,16.486,9.27,8.57,12.63,47.25,02/06/18-KAST,,,,
ASASSN-15sb,2MFGC_04848,06:00:48.095',-15:23:57.26',06:00:48.09',-15:23:57.44',06:00:48.105,-15:23:57.20,16.559,15.809,0.14,0.06,0.16,67.47,02/07/18-Goodman,,,-,
AT2017yk,2MASX J09443215-1218233,09:44:31.77,-12:18:29.59,09:44:32.15,-12:18:23.5,,,18.312,17.638,5.57,6.09,8.25,42.44,02/07/18-Goodman,,,,
ASASSN-16dn,GALEXASC_J104848.62-201544.1,10:48:49.438',-20:15:49.08',10:48:48.62',-20:15:44.1',10:48:48.692,-20:15:46.89,20.292,20.02,-10.5,2.19,10.72,281.78,02/07/18-Goodman,,,-,
SN2016aqb,2MASXi_J1121579-135849,11:21:58.38',-13:59:01.21',11:21:57.9',-13:58:49',11:21:57.942,-13:58:49.42,18.809,18.456,-6.38,11.79,13.4,331.6,02/07/18-Goodman,,,-,
2017hpa,UGC 3122,04:39:50.75,+07:03:54.90,04:39:51.47,+07:03:18.8,,,13.4,17.1,10.72,-36.10,37.66,163.46,02/07/18-KAST,https://star.pst.qub.ac.uk/sne/ps13pi/site_media/images/data/ps13pi/58053/1043950731070355200_58053.499_86869917_26_targetfinder.jpeg,https://star.pst.qub.ac.uk/sne/ps13pi/site_media/images/data/ps13pi/58053/1043950731070355200_58053.510_86872445_75_reffinder.jpeg,,
2017cjv,LCRS B100813.8-033156,10:10:45.64,-03:46:39.91,10:10:45.62,-03:46:44.1,,,17.74,16.881,-0.30,-4.19,4.20,184.09,02/07/18-KAST,,,,
PS17bii,2MASX J11253836+0720042,11:25:38.26,+07:20:00.80,11:25:38.382,+07:20:03.81,,,19.14,18.108,1.82,3.01,3.51,31.09,02/07/18-KAST,,,,
ASASSN-17aj,MCG -02-30-003,11:33:10.50,-10:13:18.40,11:33:10.57,-10:13:43.9,,,18.379,17.725,1.03,-25.50,25.52,177.68,02/07/18-KAST,,,,
PSNJ1300323,Coma_Cluster,13:00:32.32',+27:58:40.9',13:00:32.48,+27:58:33.21,-,-,19.59,18.99,2.12,-7.69,7.98,164.59,02/07/18-KAST,https://star.pst.qub.ac.uk/sne/ps13pi/site_media/images/data/ps13pi/57172/1130032321275840900_57172.368_63481455_7_targetfinder.jpeg,https://star.pst.qub.ac.uk/sne/ps13pi/site_media/images/data/ps13pi/57172/1130032321275840900_57172.368_63481474_9_reffinder.jpeg,-,
iPTF16auf,MRK_685,14:31:09.26',+27:14:09.8',14:31:08.88',+27:14:12.30',14:31:09.042,+27:14:14.28,17.407,17.386,-2.91,4.48,5.34,327.02,02/07/18-KAST,,,-,
Gaia17bci,2MASX J15275941+4250592,15:27:58.92,+42:50:48.70,15:27:59.41,+42:50:59.2,,,18.998,18.652,5.39,10.50,11.80,27.17,02/07/18-KAST,,,,
2018ds,MCG +7-30-65,14:48:53.60,+38:46:02.93,14:48:53.881,+38:46:05.72,,,15.6,14.8,3.29,2.79,4.31,49.67,03/15/19-KAST,,,,
Gaia16aki,DSS_J155910.36+143829.4,15:59:10.60',+14:38:29.40',15:59:10.36',+14:38:29.4',15:59:10.371,+14:38:29.52,17.5,17,-3.32,0.12,3.33,272.07,03/15/19-KAST,,,-,http://ps1images.stsci.edu/cgi-bin/ps1cutouts?pos=239.794167%2B14.6415&filter=color
Gaia16acv,SDSS_J115949.80+544807.1,11:59:49.80,+54:48:07.60,11:59:49.80,+54:48:07.1,11:59:49.789,+54:48:07.11,19.6,19.2,-0.1,-0.49,0.5,190.98,05/1/19-LRIS,https://star.pst.qub.ac.uk/sne/ps13pi/site_media/images/data/ps13pi/57439/1115949791544807700_57439.440_73165994_52_targetfinder.jpeg,https://star.pst.qub.ac.uk/sne/ps13pi/site_media/images/data/ps13pi/57439/1115949791544807700_57439.440_73166013_57_reffinder.jpeg,-,
AT 2016blg,SDSS_J132713.81-021615.2,13:27:13.92',-02:16:12.26',13:27:13.81',-02:16:15.2',13:27:13.831,-02:16:14.96,19.71,19.41,-1.33,-2.70,3.01,206.29,05/1/19-LRIS,http://skyserver.sdss.org/dr13/en/tools/chart/navi.aspx?opt=G&ra=201.808&dec=-2.270072&scale=0.1981,,-,
ASASSN-17jq,SDSS J153151.40+372445.8,15:31:51.60,+37:24:45.18,15:31:51.413,+37:24:45.85,,,21.34,20.9,3.34,1.40,3.62,67.23,05/1/19-LRIS,,,,
ASASSN-16br,2MASX_J15453055-1309057,15:45:30.314',-13:09:10.03',15:45:30.55',-13:09:05.7',15:45:30.511,-13:09:05.78,18.197,17.72,2.88,4.25,5.13,34.1,05/1/19-LRIS,,,-,
SN2016blm,,15:48:38.72,-03:19:03.70,-,-,15:48:39.025,-03:19:05.39,21.142,20.744,4.57,-1.69,4.87,110.31,05/1/19-LRIS,,,-,
2018kl,SDSS J090937.91+483938.8,09:09:38.04,+48:39:40.30,09:09:37.915,+48:39:38.83,,,21.5,21.3,-1.24,-1.47,1.92,220.11,05/10/18-LRIS,,,,
2017gav,SDSS J170321.30+452447.5,17:03:21.09,+45:24:48.64,17:03:21.30,+45:24:47.5,,,21.788,21.572,2.21,-1.14,2.49,117.27,05/10/18-LRIS,,,,
2017hlt,Anonymous,17:26:20.93,+41:41:04.53,17:26:20.804,+41:41:01.79,,,19.9,19.6,-1.41,-2.74,3.08,207.26,05/10/18-LRIS,,,,
ATLAS17eru,2MASX J10573093-1450087,10:57:32.05,-14:50:06.0,10:57:30.911,-14:50:08.68,,,17.384,16.631,-16.52,-2.68,16.73,260.78,05/12/18-Goodman,,,,
ASASSN-16bc,2MASX_J12052488-2123572,12:05:25.826',-21:24:01.20',12:05:24.88',-21:23:57.2',12:05:24.898,-21:23:57.16,17.657,16.77,-12.96,4.04,13.58,287.31,05/12/18-Goodman,,,-,
2017erp,NGC 5861,15:09:14.81,-11:20:03.20,15:09:16.09,-11:19:18.0,,,18.697,17.809,18.83,45.20,48.96,22.61,05/12/19-KAST,,,,
2018cfa,2018-06-06,16:49:39.12,+45:29:32.64,16:49:40.8,+45:29:49,,,18.1,17.4,,,,47.20,05/12/19-KAST,,,,
2018cnw,2018-06-17,16:59:05.07,+47:14:11.12,16:59:01.427,+47:14:13.76,,,,big offset,,,,,05/12/19-KAST,,,,
PTSS-16efw,2MASX_J17353788+0848387,17:35:37.80',+08:48:32.35',17:35:37.88',+08:48:38.7',17:35:37.869,+08:48:38.54,18.767,17.945,1.02,6.19,6.27,9.38,05/12/19-KAST,https://star.pst.qub.ac.uk/sne/ps13pi/psdb/candidate/1173537801084832400/,,-,
2018cqw,2018-06-21,18:17:32.21,+19:26:40.49,18:17:32.2,+19:26:40,,,17.60,17.00,,,,,05/12/19-KAST,,,,
2017gfl,GALEXASC J215518.30-261846.9,21:55:18.46,-26:18:46.87,'21:55:18.289,-26:18:47.19,21:55:18.289,-26:18:47.19,,19.3,-2.30,-0.32,2.32,262.08,06/10/18-LRIS,,,,
ASASSN-15mg,2MASX_J15322270+4150586,15:32:22.80',+41:50:59.6',15:32:22.70',+41:50:58.6',15:32:22.623,+41:50:59.80,19.645,18.482,-1.98,0.20,1.99,275.77,06/18/18-KAST,,,-,
2017glx,NGC 6824,19:43:40.29,+56:06:36.30,19:43:40.70,+56:06:34.1,,,13.00,,3.43,-2.20,4.07,122.68,06/18/18-KAST,,,,
ASASSN-17bs,IC 1269,17:52:06.25,+21:33:58.32,17:52:06.00,+21:34:10.7,17:52:05.860,+21:34:10.10,18.89,18.91,-3.49,12.38,12.86,344.27,"06/18/18-KAST, 07/11/18-LRIS",,,,
PS15adh,2MASX_J13303174-0044033,13:30:32.07',-00:44:04.5',13:30:31.74',-00:44:03.3',13:30:31.724,-00:44:03.12,19.311,18.644,-5.19,1.38,5.37,284.89,06/29/19-LRIS,,,-,
ASASSN-16em,GALEXASC_J133213.24+844042.7,13:32:14.198',+84:40:42.35',13:32:13.24',+84:40:42.7',13:32:13.485,+84:40:42.63,18.71,18.377,-0.99,0.28,1.03,285.77,06/29/19-LRIS,,,-,
2018crn,2MASS J18552346+5635451 ,18:55:21.84,+56:35:18.14,,,18:55:22.022,+56:35:19.78,20.1,19.4,1.50,1.64,2.22,42.50,06/29/19-LRIS,,,,
2017fms,IC 1371,21:20:14.60,-04:52:51.30,21:20:15.6,-04:52:36,,,13.8,12.88,14.95,15.30,21.39,44.33,06/29/19-LRIS,,,,
2018bwq,2018-05-24,21:29:11.76,-29:09:46.19,21:29:12.07,-29:09:46.5,,,18.40,18.30,,,,94.00,06/29/19-LRIS,,,,
2017fmz,SDSS J220051.05-015021.6,22:00:51.39,-01:50:24.27,22:00:51.05,-01:50:21.600,,,14.56,13.63,-5.10,2.67,5.75,297.65,06/29/19-LRIS,http://skyserver.sdss.org/dr14/en/tools/chart/navi.aspx?opt=G&ra=330.214116&dec=-1.840074&scale=0.1981,,,
2017fbs,PGC 54943,15:23:19.51,+08:36:58.60,15:23:20.1,+08:37:05,,,17.207,16.804,8.75,6.40,10.84,53.82,07/05/2019-Kast,,,,
2018btj,2018-05-19,16:36:57.66,+63:58:11.75,16:37:00.83,+63:58:03.5,,,,,20.87,-8.25,22.44,111.57,07/05/2019-Kast,,,,
2017hmf,SDSS J214439.06+070126.5,21:44:39.05,+07:01:27.93,21:44:39.06,+07:01:26.5,,,18.8,18.3,0.15,-1.43,1.44,174.06,07/11/18-LRIS,,,"*interacting galaxies, chose the smaller one closer to the SN",*here and below new as of 11/11/2017
ASASSN-15pr,2MASX J23063962-1234238,23:06:39.497,-12:34:22.39,23:06:39.62,-12:34:23.8,,,19.441,18.948,1.80,-1.41,2.29,128.06,07/11/18-LRIS,,,,
PS15cge,2MASX J23352102+0110271,23:35:20.89,+01:10:32.4,23:35:21.02,+01:10:27.1,,,19.423,18.852,1.95,-5.30,5.65,159.80,07/11/18-LRIS,,,,
ASASSN-15tg,GALEXASC J002041.66+251341.1,00:20:41.06,+25:13:44.61,00:20:41.66,+25:13:41.1,,,19.747,19.799,8.14,-3.51,8.87,113.32,08/16/17-KAST,,,,
PSNJ0107203,NGC 0383,01:07:20.38,32:23:59.8,01:07:24.95,+32:24:45.22,,,13.6,12.14,57.87,45.43,73.57,51.87,08/16/17-KAST,http://skyserver.sdss.org/dr12/en/tools/chart/navi.aspx?ra=16.8346507914&dec=32.3996990294&scale=0.5&width=500&height=500&opt=GPS,"http://irsa.ipac.caltech.edu/applications/finderchart/#id=Hydra_finderchart_finder_chart&RequestClass=ServerRequest&DoSearch=true&subsize=0.08333333400000001&thumbnail_size=medium&sources=DSS,SDSS,twomass,WISE&overlay_catalog=true&catalog_by_radius=true&sdss_radius=5&twomass_radius=5&wise_radius=5&one_to_one=_none_&UserTargetWorldPt=16.83491666666667;32.39994444444444;EQ_J2000&SimpleTargetPanel.field.resolvedBy=nedthensimbad&dss_bands=poss1_blue,poss1_red,poss2ukstu_blue,poss2ukstu_red,poss2ukstu_ir&SDSS_bands=u,g,r,i,z&twomass_bands=j,h,k&wise_bands=1,2,3,4&projectId=finderchart&searchName=finder_chart&shortDesc=Finder%20Chart&isBookmarkAble=true&isDrillDownRoot=true&isSearchResult=true",,
AT2016gsu,SDSS J010824.54+210906.3,01:08:24.59,+21:09:05.75,01:08:24.54,+21:09:06.3,,,17.68,17.15,-0.70,0.55,0.89,308.18,08/16/17-KAST,http://skyserver.sdss.org/dr13/en/tools/chart/navi.aspx?opt=G&ra=17.102458&dec=21.151597&scale=0.1981,,,
ASASSN-16ad,KUG_0136+335,01:39:32.03',+33:49:36.05',01:39:31.15',+33:49:27.80',01:39:31.139,+33:49:27.65,18.962,19.011,-11.1,-8.40,13.92,232.89,08/16/17-KAST,,,-,
2017fqf,CGCG 413-042,02:06:14.79,+09:38:58.42,02:06:15.3,+09:38:52,,,18.116,17.742,7.54,-6.42,9.90,130.41,08/16/17-KAST,,,here and below new as of 8/14/17,
2016W,NGC946,02:30:40',+42:14:08.90',02:30:38.43',+42:13:57.43',02:30:38.503,+42:13:56.15,12.531,12.453,-16.63,-12.75,20.95,232.52,08/16/17-KAST,,http://ps1images.stsci.edu/cgi-bin/ps1cutouts?pos=37.665375%2B42.235806&filter=color,-,
ASASSN-15tz,UGC_02164,02:41:08.86',+43:40:48.78',02:41:09.34',+43:40:57.68',02:41:09.574,+43:40:57.74,-999,17.995,7.75,8.96,11.84,40.84,08/16/17-KAST,,,-,
ASASSN-15ti,2MASX_J03051061+3754003,03:05:08.616',+37:54:00.72',03:05:10.61',+37:54:00.3',03:05:10.611,+37:53:60.00,18.433,18.417,23.61,-0.72,23.62,91.74,08/16/17-KAST,http://www.astronomy.ohio-state.edu/~assassin/followup/asassn-15ti.png,,-,
PS15ahs,MCG_+07-37-011,17:59:29.78',+43:23:24.2',17:59:29.75',+43:23:30.91',17:59:29.790,+43:23:31.01,18.685,18.606,0.11,6.81,6.81,0.92,08/16/17-KAST,https://star.pst.qub.ac.uk/sne/ps13pi/site_media/images/data/ps13pi/57145/1175929771432324200_57145.594_62154475_53_targetfinder.jpeg,https://star.pst.qub.ac.uk/sne/ps13pi/site_media/images/data/ps13pi/57145/1175929771432324200_57145.604_62156757_39_reffinder.jpeg,-,
AT2016gmg,2MASX J21234100+3307075,21:23:41.85,+33:06:52.56,21:23:41.00,+33:07:07.5,,,17.527,16.937,-10.68,14.94,18.36,324.44,08/16/17-KAST,,,,
ASASSN-15kx,PGC 068459,22:16:12,+37:28:26.12,22:16:11.91,+37:28:28.13,,,17.416,16.788,-1.07,2.01,2.28,331.94,08/16/17-KAST,,,,
ASASSN-16hr,2MASX J22253147+3859010,22:25:31.759,+38:59:03.50,22:25:31.47,+38:59:01.0,,,19.151,18.465,-3.37,-2.50,4.20,233.43,08/16/17-KAST,,,,
ASASSN-15oh,MCG +06-49-027,22:30:41.977,+39:17:35.22,22:30:41.10,+39:17:30.91,,,16.436,15.706,-10.18,-4.31,11.06,247.06,08/16/17-KAST,,,,
PS16drf,2MASX J22040319-1013059,22:04:03.13,-10:13:05.6,22:04:03.19,-10:13:05.9,,,19.162,18.322,0.89,-0.30,0.94,108.71,09/13/18-LRIS,,,,
2017hqc,GALEXASC J232308.47+103844.5,23:23:08.21,+10:38:54.63,23:23:08.47,+10:38:44.5,,,17.2,16.7,3.83,-10.13,10.83,159.27,09/13/18-LRIS,,,,
2017hdv,GALEXASC J233836.83-112326.7,23:38:36.51,-11:23:29.33,23:38:36.80,-11:23:26.4,,,17.90,,4.26,2.93,5.17,55.51,09/13/18-LRIS,,,,
2017jdx,IC 1586,00:47:56.19,+22:22:26.26,00:47:56.32,+22:22:22.4,,,14.8,14.4,1.80,-3.86,4.26,154.96,09/14/18-KAST,http://www.astronomy.ohio-state.edu/~assassin/followup/asassn-17ri.png,,,
2017hdw,SDSS J010521.42-010704.4,01:05:21.70,-01:07:26.28,01:05:21.426,-01:07:04.44,,,17.9,17.1,-4.11,21.84,22.22,349.34,09/14/18-KAST,,,,
2017hdt,SDSS J012136.89-033550.5,01:21:36.93,-03:35:35.57,01:21:36.89,-03:35:50.5,,,15.4,14.9,-0.60,-14.93,14.94,182.30,09/14/18-KAST,,,,
2017iez,2MASX J01331346-1731407,01:33:13.24,-17:31:31.71,01:33:13.49,-17:31:40.7,,,,16.6,3.58,-8.99,9.68,158.31,09/14/18-KAST,,,,
2017jfo,GALEXASC J013336.85+332551.3,01:33:36.83,+33:25:52.21,01:33:36.86,+33:25:51.4,,,18.2,17.6,0.38,-0.81,0.89,155.13,09/14/18-KAST,,,,
ASASSN-15pm,2MASX J01383676-0440581,01:38:36.08,-04:40:48.04,01:38:36.76,-04:40:58.1,,,18.509,17.62,10.17,-10.06,14.30,134.70,09/14/18-KAST,http://www.astronomy.ohio-state.edu/~assassin/followup/asassn-15pm.png,,,
2018bs,2MASX J03232113-2207024,03:23:20.74,-22:06:59.47,03:23:21.17,-22:07:02.3,,,,16.8,5.98,-2.83,6.61,115.34,09/24/19 - LRIS,,,,
2017gvp,UGC 12739,23:41:46.97,-01:21:05.26,23:41:46.33,-01:21:05.9,,,14.3,13.6,-9.60,-0.64,9.62,266.18,09/24/19 - LRIS,,,,
ASASSN-16oz,GALEXASC_J090013.19-133803.5,09:00:13.38,-13:38:02.23,09:00:13.19,-13:38:03.5,09:00:13.261,-13:38:03.05,20.536,20.409,-1.73,-0.82,1.92,244.7,1/18/2017-goodman,http://www.astronomy.ohio-state.edu/~assassin/followup/asassn-16oz.png,,-,"Also, 11/16/17-LRIS as 2016iyv (Swope)"
ASASSN-15od,MCG_-01-07-004,02:23:13.210',-04:31:02.05',02:23:13.25',-04:31:01.60',02:23:13.258,-04:31:01.45,18.092,17.599,0.72,0.60,0.94,50.11,10/12/2018-KAST,,,-,
2017hyx,2MASX J04470897-1620433,04:47:09.17,-16:20:42.11,04:47:08.99,-16:20:43.2,,,,16.4,-2.59,-1.09,2.81,247.18,10/12/2018-KAST,,,,
2018bsr,2018-05-19,19:27:38.60,+61:56:48.59,19:27:36.1,+61:56:13,,,16.4,15.7,1.12,1.61,1.97,35.00,10/12/2018-KAST,,,,
2017gwy,UGC 12017,22:23:34.51,+11:51:36.00,22:23:35.53,+11:51:40.2,,,14.8,13.9,14.97,4.20,15.55,74.33,10/12/2018-KAST,,,,
2017ya,SDSS J001644.50+152030.6,00:16:44.48,+15:20:31.52,00:16:44.50,+15:20:30.6,,,18.62,17.997,0.29,-0.92,0.96,162.54,10/16/17-KOSMOS,,,,
ASASSN-15uu,VV_790a,01:43:56.574',+17:03:44.44',01:43:56.56',+17:03:42.84',01:43:56.573,+17:03:43.40,16.442,16.512,-0.01,-1.04,1.04,180.79,10/16/17-KOSMOS,,,-,
AT2017ns,2MASS J02491020+1436036,02:49:10.36,+14:36:02.48,02:49:10.168,+14:36:03.21,,,,16.35,-2.79,0.73,2.88,284.68,10/16/17-KOSMOS,https://star.pst.qub.ac.uk/sne/ps13pi/site_media/images/data/ps13pi/57776/1024910381143602700_57776.269_80411406_20_targetfinder.jpeg,https://star.pst.qub.ac.uk/sne/ps13pi/site_media/images/data/ps13pi/57776/1024910381143602700_57776.280_80412232_27_reffinder.jpeg,,
AT2016cvw,MCG +02-58-008,22:46:12.82,+10:33:33.31,22:46:12.41,+10:33:25.70,,,14.95,14.02,-6.05,-7.61,9.72,218.47,10/16/17-KOSMOS,,,,
PSNJ2352371,UGC 12822,23:52:37.15,+14:33:8.8,23:52:36.40,+14:33:05.22,,,12.498,12.581,-10.89,-3.58,11.46,251.80,10/16/17-KOSMOS,,,,
2017fgc,NGC 474,01:20:14.44,+03:24:09.96,01:20:06.7,+03:24:55,,,15.447,14.915,-115.89,45.04,124.34,291.24,10/17/17-KOSMOS,,,,
ASASSN-16la,2MASXi_J0229172+180515,02:29:17.480',+18:05:16.35',02:29:17.2',+18:05:15',02:29:17.177,+18:05:16.22,19.29,19.086,-4.32,-0.13,4.32,268.28,10/17/17-KOSMOS,,,-,
PSNJ0252467,UGC_02351,02:52:46.71',+46:56:47.0',02:52:44.40',+46:56:17.30',02:52:44.435,+46:56:17.19,,13.8,-23.3,-29.81,37.83,218.01,10/17/17-KOSMOS,,,-,
SN2016ajf,NGC1278,03:19:54.47',+41:33:53.50',03:19:54.15',+41:33:48.20',03:19:54.132,+41:33:48.27,16.885,13.067,-3.79,-5.23,6.46,215.95,10/17/17-KOSMOS,,,-,
PS15cze,2MASX_J03472342+0052316,03:47:23.43',+00:52:37.9',03:47:23.42',+00:52:31.6',03:47:23.393,+00:52:31.47,18.76,17.829,-0.55,-6.43,6.45,184.93,10/17/17-KOSMOS,,,-,
PS15cwx,2MFGC_04279,05:14:47.81',+07:03:01.3',05:14:47.92',07:02:53.20',05:14:47.919,+07:02:52.94,18.238,17.33,1.62,-8.36,8.52,169.02,10/17/17-KOSMOS,,,-,
ASASSN-16cs,KUG_0647+311,06:50:36.73',+31:06:44.56',06:50:36.92',+31:07:00.62',06:50:36.876,+31:07:00.31,17.678,17.675,1.87,15.75,15.86,6.79,10/17/17-KOSMOS,,,-,
PSNJ0717457,NGC_2357,07:17:45.70',+23:20:40.6',07:17:40.98',+23:21:24.30',07:17:40.663,+23:21:25.37,-999,14,-69.36,44.78,82.56,302.84,10/17/17-KOSMOS,https://star.pst.qub.ac.uk/sne/ps13pi/site_media/images/data/ps13pi/57321/1071745681232040300_57321.537_69288713_657_targetfinder.jpeg,https://star.pst.qub.ac.uk/sne/ps13pi/site_media/images/data/ps13pi/57321/1071745681232040300_57321.549_69287340_480_reffinder.jpeg,-,
2017ckx,UGC 04030 NED01,07:48:11.01,+28:13:49.04,07:48:10.992,+28:13:49.15,,,16.806,16.229,-0.25,0.11,0.26,294.82,10/17/17-KOSMOS,,,,
ASASSN-15sf,GALEXASC J001127.51-062549.8,00:11:27.6,-06:25:38.4,00:11:27.51,-06:25:49.8,,,,17.62,-1.34,-11.40,11.48,186.71,10/27/17-KAST,https://star.pst.qub.ac.uk/sne/ps13pi/site_media/images/data/ps13pi/57317/1001127610062538400_57317.345_69087226_51_targetfinder.jpeg,https://star.pst.qub.ac.uk/sne/ps13pi/site_media/images/data/ps13pi/57317/1001127610062538400_57317.345_69087226_51_reffinder.jpeg,,
ASASSN-15uw,2MASX_J02353437-0603496,02:35:34.307',-06:03:46.97',02:35:34.37',-06:03:49.6',02:35:34.355,-06:03:50.03,16.933,16.181,0.72,-3.06,3.14,166.83,10/27/17-KAST,,,-,
PSNJ0309425,IC_0290,03:09:42.54',+40:58:29.4',03:09:42.73',+40:58:27.19',03:09:42.747,+40:58:27.28,16.969,16.679,2.34,-2.12,3.16,132.12,10/27/17-KAST,,,-,
ASASSN-15go,2MASX_J06113048-162908,06:11:30.50',-16:29:03.52',06:11:30.48',-16:29:08',06:11:30.514,-16:29:08.34,17.906,17.648,0.2,-4.82,4.82,177.61,10/27/17-KAST,,,-,
ATLAS16dtf,UGC_3524,06:44:02.16',+12:23:47.84',06:44:00.6',+12:24:07',06:44:00.611,+12:24:07.10,17.461,16.186,-22.69,19.26,29.76,310.32,10/27/17-KAST,,,-,
SN2016cyt,NGC 7033,21:09:35.83,+15:07:31.80,21:09:36.26,+15:07:29.60,,,16.913,16.19,6.23,-2.20,6.60,109.46,10/27/17-KAST,,,,
PS15bjg,2MASX J22551005-0024333,22:55:10.42,-00:24:36.9,22:55:10.05,-00:24:33.3,,,,bright,-5.55,3.60,6.62,302.97,11/03/2018-KAST,,,,
SN2016gmb,GALEXASC J003445.02-060936.8,00:34:44.67,-06:09:34.3,00:34:44.92,-06:09:35.81,,,18.64,18.16,3.72,-1.42,3.99,110.85,11/06/18-LRIS,,,,
MASTERJ0134,GALEXASC J013415.00-174836.1,01:34:15.04,-17:48:43.4,01:34:14.90,-17:48:37.1,,,19.048,19.436,-2.00,6.30,6.61,342.39,11/12/17-Goodman,http://master.sai.msu.ru/static/OT/013415.01-174843.9.png,,,
MASTEROTJ222232.87-185224.3,IC 5210,22:22:32.87,-18:52:24.3,22:22:31.10,-18:52:10.88,,,13.09,12.819,-25.12,13.42,28.48,298.11,11/12/17-Goodman,"http://irsa.ipac.caltech.edu/applications/finderchart/#id=Hydra_finderchart_finder_chart&RequestClass=ServerRequest&DoSearch=true&subsize=0.08333333400000001&thumbnail_size=medium&sources=DSS,SDSS,twomass,WISE&overlay_catalog=true&catalog_by_radius=true&sdss_radius=5&twomass_radius=5&wise_radius=5&one_to_one=_none_&UserTargetWorldPt=335.6369583333333;-18.873416666666667;EQ_J2000&SimpleTargetPanel.field.resolvedBy=nedthensimbad&dss_bands=poss1_blue,poss1_red,poss2ukstu_blue,poss2ukstu_red,poss2ukstu_ir&SDSS_bands=u,g,r,i,z&twomass_bands=j,h,k&wise_bands=1,2,3,4&projectId=finderchart&searchName=finder_chart&shortDesc=Finder%20Chart&isBookmarkAble=true&isDrillDownRoot=true&isSearchResult=true",,,
Gaia16bba,SDSS J010135.77+170604.0,01:01:35.50,+17:06:04.30,01:01:35.77,+17:06:04.0,,,20.438,20.354,3.87,-0.30,3.88,94.43,11/15/17-LRIS,,,,
PS16amf,GALEXASC_J063701.16+441611.9,06:37:01.94,+44:15:24.0,06:37:01.16,+44:16:11.9,06:37:01.093,+44:16:14.17,20.755,20.616,-9.1,50.17,50.99,349.72,11/16/17-LRIS,ASASSN-15uv,https://star.pst.qub.ac.uk/sne/ps13pi/site_media/images/data/ps13pi/57432/1063701941441524000_57432.280_72906474_262_reffinder.jpeg,-,
iPTF17dz,SDSS J082425.68+245951.5,08:24:25.68,+24:59:51.90,08:24:25.688,24:59:51.53,,,,20.43,0.14,-0.37,0.39,159.83,11/16/17-LRIS,,,,
2017coa,SDSS J084955.19+560554.6,08:49:55.49,+56:05:57.00,08:49:55.19,+56:05:54.6,08:49:55.159,+56:05:54.51,20.23,19.55,-2.51,-2.40,3.47,226.28,11/16/17-LRIS,,,,
2017gjn,NGC 1067,02:43:48.41,+32:31:33.70,02:43:50.52,+32:30:42.8,,,13.3,13,26.69,-50.90,57.47,152.33,11/21/17-KAST,,,,
PS15dpl,,05:47:45.380,+53:36:32.26,05 47 44.912,+53 36 24.58,,,20.297,19.876,4.17,7.68,,28.47,11/21/17-KAST,,,-,
ASASSN-15py,SDSS_J080519.59+225751.1,08:05:19.50',+22:57:49.59',08:05:19.59',+22:57:51.1',08:05:19.598,+22:57:51.08,19.45,18.749,1.35,1.49,2.01,42.25,11/21/17-KAST,,,-,
ASASSN-15uv,2MASX_J08270817+2748382,08:27:08.131',+27:48:41.74',08:27:08.17',+27:48:38.2',08:27:08.179,+27:48:37.65,18.298,18.005,0.64,-4.09,4.14,171.15,11/21/17-KAST,,,-,
PS16fbb,SDSS J000702.87-204150.1,00:07:03.15,-20:41:48.61,00:07:02.87,-20:41:50.11,,,17.98,17.66,,,,,11/25/17-Goodman,https://star.pst.qub.ac.uk/ps1threepi/psdb/candidate/1000703150204148500/,,,
Gaia17bvp,SDSS J003414.22-065138.8,00:34:14.21,-06:51:38.38,00:34:14.22,-06:51:38.8,,,19.352,19.065,0.15,-0.42,0.45,160.48,11/25/17-Goodman,,,,
PS16eqv,2MASX J02314347-2500088,02:31:43.40,-25:00:05.83,02:31:43.47,-25:00:08.8,,,19.3,18.1,0.95,-2.97,3.12,162.23,11/25/17-Goodman,https://star.pst.qub.ac.uk/ps1threepi/psdb/candidate/1023143390250005800/,,,
AT2017lm,2MASX J03013238-1501028,03:01:32.41,-15:00:57.19,03:01:32.38,-15:01:02.8,,,18.108,17.521,-0.43,-5.61,5.63,184.43,11/25/17-Goodman,,,,
ASASSN-16aj,NGC_1562,04:21:48.213',-15:45:19.25',04:21:47.61',-15:45:19.62',04:21:47.619,-15:45:19.86,16.708,16.257,-8.58,-0.61,8.6,265.93,11/25/17-Goodman,http://www.astronomy.ohio-state.edu/~assassin/followup/asassn-16aj.png,,-,
AT2016ajl,2MASX_J04422451-2143312,04:42:24.65',-21:43:27.60',04:42:24.51',-21:43:31.2',04:42:24.541,-21:43:31.50,18.449,17.791,-1.52,-3.90,4.19,201.28,11/25/17-Goodman,,"http://irsa.ipac.caltech.edu/applications/finderchart/#id=Hydra_finderchart_finder_chart&RequestClass=ServerRequest&DoSearch=true&subsize=0.08333333400000001&thumbnail_size=medium&sources=DSS,SDSS,twomass,WISE&overlay_catalog=true&catalog_by_radius=true&sdss_radius=5&twomass_radius=5&wise_radius=5&one_to_one=_none_&UserTargetWorldPt=70.60270833333334;-21.72433333333333;EQ_J2000&SimpleTargetPanel.field.resolvedBy=nedthensimbad&dss_bands=poss1_blue,poss1_red,poss2ukstu_blue,poss2ukstu_red,poss2ukstu_ir&SDSS_bands=u,g,r,i,z&twomass_bands=j,h,k&wise_bands=1,2,3,4&projectId=finderchart&searchName=finder_chart&shortDesc=Finder%20Chart&isBookmarkAble=true&isDrillDownRoot=true&isSearchResult=true",-,
2017iuw,(PS 83750383551086558),02:33:25.12,-20:12:09.16,,,2:33:25.237,-20:12:11.396,,18.7,1.65,-2.24,2.78,143.62,11/25/19 - LRIS,,,,
2017iln,GALEXASC J033521.79+060448.4,03:35:24.45,+06:05:33.20,03:35:24.36,+06:05:31.56,,,,21.8,-1.34,-1.64,2.12,219.30,12/07/18-LRIS,,,,
CSS160129,SDSS J074029.65+105556.6,07:40:29.65,+10:55:59.9,07:40:29.65,+10:55:56.65,-,-,23.35,21.97,-,-,-,Parallactic,12/07/18-LRIS,https://star.pst.qub.ac.uk/sne/ps13pi/site_media/images/data/ps13pi/57418/1074029601105559700_57418.341_72416603_126_targetfinder.jpeg,https://star.pst.qub.ac.uk/sne/ps13pi/site_media/images/data/ps13pi/57418/1074029601105559700_57418.353_72416872_171_reffinder.jpeg,-,
PS15coh,SDSS_J021558.45+121414.2,02:15:58.44,+12:14:13.6,02:15:58.45',+12:14:14.2',02:15:58.457,+12:14:14.22,19.086,18.891,0.25,0.62,0.67,21.9,12/14/17-KAST,https://star.pst.qub.ac.uk/sne/ps13pi/site_media/images/data/ps13pi/57317/1021558441121413600_57317.381_69085644_9_targetfinder.jpeg,https://star.pst.qub.ac.uk/sne/ps13pi/site_media/images/data/ps13pi/57317/1021558441121413600_57317.394_69087898_15_reffinder.jpeg,-,
2017gvw,2MASX J03021387+0348365,03:02:13.45,+03:48:37.16,03:02:13.889,+03:48:36.56,,,16.2,15.4,6.57,-0.60,6.60,95.22,12/14/2018-KAST,some issues with clouds with this observation (see log),,,
2017hxo,2MASX J03024953+0529054,03:02:50.12,+05:29:6.07,03:02:49.57,+05:29:05.4,,,16.8,16.2,-8.21,-0.67,8.24,265.34,12/14/2018-KAST,some issues with clouds with this observation (see log),,,
ASASSN-15bc,2MASX_J04061478-0853112,04:06:15',-08:53:08.28',04:06:14.78',-08:53:11.2',04:06:14.809,-08:53:11.09,17.837,17.56,-2.83,-2.81,3.99,225.21,12/14/2018-KAST,some issues with clouds with this observation (see log),,-,
2017jav,CGCG 285-013,07:02:55.50,+62:46:21.00,07:02:54.70,+62:46:11.0,,,,14.9,-5.49,-10.00,11.41,208.77,12/14/2018-KAST,some issues with clouds with this observation (see log),,,
2017hyi,2MASX J07202833+5608122,07:20:27.80,+56:08:07.23,07:20:28.336,+56:08:12.12,,,,15.7,4.48,4.89,6.63,42.49,12/14/2018-KAST,some issues with clouds with this observation (see log),,,
2017jeh,CGCG 261-72,07:30:04.07,+54:26:09.02,07:30:04.250,+54:26:03.50,,,,15.2,1.57,-5.52,5.74,164.12,12/14/2018-KAST,some issues with clouds with this observation (see log),,,
SN2016ayg,SDSS_J073017.26+250153.5,07:30:17.40',+25:01:55.99',07:30:17.26',+25:01:53.5',07:30:17.261,+25:01:53.40,20.87,20.439,-1.89,-2.59,3.21,216.11,12/21/17-KAST,,,-,
PS17yt,2MASX J10035883+4902195,10:03:57.96,+49:02:28.3,10:03:57.96,+49:02:28.3,,,-,-,0.00,0.00,0.00,0.00,12/21/17-KAST,,,,
PS16n,2MASX_J05034387+0324429,05:03:43.99',+03:24:44.9',05:03:43.87',+03:24:42.9',05:03:43.841,+03:24:42.57,18.6,17.937,-2.23,-2.33,3.23,223.76,12/21/17-KAST (wrong PA),,,-,
ASASSN-16ay,UGC_03738,07:12:14.346',+07:14:23.22',07:12:15.12',+07:14:27.60',07:12:15.128,+07:14:27.74,17.69,16.865,11.64,4.52,12.48,68.77,12/21/17-KAST (wrong PA),,,-,
PS16evk,SDSS J223323.35-012126.9,22:33:22.67,-01:21:25.39,22:33:23.35,-01:21:26.9,,,18.641,17.933,10.20,-1.51,10.31,98.42,12/21/17-KAST (wrong PA),,,,
PS15brr,APMUKS(BJ) B235051.85-155603.8,23:53:25.54,-15:39:16.3,23:53:26.2,-15:39:22,,,,17.38,9.53,-5.70,11.11,120.88,12/21/17-KAST (wrong PA),https://star.pst.qub.ac.uk/sne/ps13pi/site_media/images/data/ps13pi/57244/1235325540153916300_57244.614_65389194_168_targetfinder.jpeg,https://star.pst.qub.ac.uk/sne/ps13pi/site_media/images/data/ps13pi/57244/1235325540153916300_57244.614_65389194_168_reffinder.jpeg,,
2017iws,SDSS J084241.66+135806.3,08:42:41.63,+13:58:4.07,08:42:41.668,+13:58:06.37,,,17.4,16.7,0.55,2.30,2.37,13.52,2020-03-02 - KAST,,,,
2017isj,UGC 6216,11:10:44.56,+04:50:51.11,11:10:44.853,+04:50:47.23,,,14.7,13.9,4.38,-3.88,5.85,131.54,2020-03-02 - KAST,,,,
PS16fa,CGCG_036-091,10:19:16.63',+04:45:42.0',10:19:17.59',+04:45:47.02',10:19:17.592,+04:45:47.06,18.352,17.728,14.38,5.06,15.24,70.61,4/19/17-KAST,https://star.pst.qub.ac.uk/sne/ps13pi/site_media/images/data/ps13pi/57391/1101916641044542000_57391.624_71175796_50_targetfinder.jpeg,https://star.pst.qub.ac.uk/sne/ps13pi/site_media/images/data/ps13pi/57391/1101916641044542000_57391.636_71176663_41_reffinder.jpeg,-,
ASASSN-16db,UGC_06198,11:09:25.757',+29:34:23.61',11:09:25.80',+29:34:09.30',11:09:25.802,+29:34:09.26,16.309,15.419,0.59,-14.35,14.36,177.66,4/19/17-KAST,,http://skyserver.sdss.org/dr9/en/tools/chart/navi.asp?ra=167.35629&dec=29.57128&scale=0.5&width=600&height=600,-,
ATLAS16ahj,2MASX_J11374023+5704420,11:37:40.23',+57:04:41.50',11:37:40.23',+57:04:42.0',11:37:40.243,+57:04:41.76,18.43,17.769,0.11,0.26,0.28,22.18,4/19/17-KAST,,http://skyserver.sdss.org/dr12/en/tools/chart/navi.aspx?ra=174.417747276&dec=57.0783294619&scale=0.5&width=500&height=500&opt=GPS,-,
PS15aii,VCC_2005,12:44:45.54',+09:45:34.6',12:44:45.60',+09:45:26.32',12:44:45.596,+09:45:26.16,17.885,17.246,0.83,-8.44,8.48,174.4,4/19/17-KAST,https://star.pst.qub.ac.uk/sne/ps13pi/site_media/images/data/ps13pi/57149/1124445541094534600_57149.286_62279445_12_targetfinder.jpeg,https://star.pst.qub.ac.uk/sne/ps13pi/site_media/images/data/ps13pi/57149/1124445541094534600_57149.299_62280246_18_reffinder.jpeg,-,
ASASSN-15ga,NGC_4866,12:59:27',+14:10:15.79',12:59:27.13',+14:10:15.82',12:59:27.096,+14:10:16.39,12.529,12.203,1.4,0.60,1.52,66.74,4/19/17-KAST,,http://skyserver.sdss.org/dr12/en/tools/chart/navi.aspx?ra=194.862127992&dec=14.1712640167&scale=0.5&width=500&height=500&opt=GPS,-,
ASASSN-16cy,CGCG_295-010,13:45:00.521',+61:16:48.90',13:45:00.52',+61:16:48.54',13:45:00.533,+61:16:48.48,17.023,16.333,0.09,-0.42,0.43,168.36,4/19/17-KAST,,http://skyserver.sdss.org/dr12/en/tools/chart/navi.aspx?ra=206.252402366&dec=61.2801392288&scale=0.5&width=500&height=500&opt=GPS,-,
PS15akf,2MASX_J14171303+0721454,14:17:11.23',+07:21:38.4',14:17:13.03',+07:21:45.4',14:17:13.089,+07:21:45.57,17.483,16.913,27.66,7.17,28.57,75.46,4/19/17-KAST,https://star.pst.qub.ac.uk/sne/ps13pi/site_media/images/data/ps13pi/57157/1141711231072138400_57157.452_62878637_34_targetfinder.jpeg,https://star.pst.qub.ac.uk/sne/ps13pi/site_media/images/data/ps13pi/57157/1141711231072138400_57157.465_62880137_36_reffinder.jpeg,-,
PSNJ0859349,UGC_04709,08:59:34.91',+45:55:34.3',08:59:34.58',+45:55:36.19',08:59:34.571,+45:55:36.11,17.783,17.267,-3.54,1.81,3.97,297.1,4/2/17-KAST,https://star.pst.qub.ac.uk/sne/ps13pi/site_media/images/data/ps13pi/57105/1085934911455532900_57105.278_46096513_49_targetfinder.jpeg,https://star.pst.qub.ac.uk/sne/ps13pi/site_media/images/data/ps13pi/57105/1085934911455532900_57105.291_46097090_44_reffinder.jpeg,-,
ASASSN-15hg,CGCG_063-098,09:53:48.62',+09:11:37.78',09:53:49.23',+09:11:37.64',09:53:49.232,+09:11:37.60,17.391,16.789,9.06,-0.18,9.06,91.14,4/2/17-KAST,http://www.astronomy.ohio-state.edu/~assassin/followup/asassn-15hg.png,,-,
PS15zn,SDSS_J104950.29+175255.3,10:49:50.23',+17:52:59.9',10:49:50.29',+17:52:55.3',10:49:50.296,+17:52:55.28,18.01,17.517,0.94,-4.62,4.72,168.47,4/2/17-KAST,https://star.pst.qub.ac.uk/sne/ps13pi/site_media/images/data/ps13pi/57119/1104950241175259900_57119.278_51564211_50_targetfinder.jpeg,https://star.pst.qub.ac.uk/sne/ps13pi/site_media/images/data/ps13pi/57119/1104950241175259900_57119.291_51579250_67_reffinder.jpeg,-,
PS16el,SDSS_J105112.52+192148.2,10:51:12.54',+19:21:44.9',10:51:12.52',+19:21:48.2',10:51:12.524,+19:21:48.24,17.796,17.268,-0.23,3.34,3.35,356.12,4/2/17-KAST,https://star.pst.qub.ac.uk/sne/ps13pi/site_media/images/data/ps13pi/57390/1105112541192145000_57390.492_71113647_34_targetfinder.jpeg,https://star.pst.qub.ac.uk/sne/ps13pi/site_media/images/data/ps13pi/57390/1105112541192145000_57390.505_71114515_42_reffinder.jpeg,-,
ASASSN-15so,NGC_3583,11:14:11.037',+48:19:07.24',11:14:10.89',+48:19:06.67',11:14:10.895,+48:19:06.67,16,15.316,-1.42,-0.57,1.53,248.08,4/2/17-KAST,http://www.astrosurf.com/jmllapasset/pubb/im_2015/im2015_2/ASASSN-15soLL_C201512020415.jpg,,-,
ASASSN-16av,NGC_3926_NED02,11:51:28.20',+22:01:34.90',11:51:28.22',+22:01:33.49',11:51:28.232,+22:01:33.50,16.807,16.055,0.44,-1.40,1.47,162.37,4/2/17-KAST,https://farm2.staticflickr.com/1595/23926371303_757434abdd_o.jpg,,-,
ASASSN-15jt,2MASX_J13080914+2749354,13:08:09',+27:49:34.91',13:08:09.14',+27:49:35.4',13:08:09.108,+27:49:35.76,17.321,17.261,1.43,0.85,1.67,59.32,4/2/17-KAST,http://www.astronomy.ohio-state.edu/~assassin/followup/asassn-15jt.png,,-,
ASASSN-15lu,SDSS_J132112.88+401556.7,13:21:12.90',+40:15:56.44',13:21:12.88',+40:15:56.7',13:21:12.894,+40:15:56.64,16.964,17.056,-0.07,0.20,0.21,341.05,4/2/17-KAST,https://farm1.staticflickr.com/397/20150155122_fa1702e207_o.jpg,,-,
ASASSN-15mi,Mrk_0283a,14:03:15.75',+41:36:14.36',14:03:15.89',+41:36:13.61',14:03:15.886,+41:36:13.58,18.011,17.451,1.53,-0.78,1.71,117.08,4/2/17-KAST,http://www.astronomy.ohio-state.edu/~assassin/followup/asassn-15mi.png,,-,
ASASSN-15la,NGC_5517,14:12:51',+35:42:39.85',14:12:51.23',+35:42:39.20',14:12:51.238,+35:42:39.21,16.922,13.428,2.9,-0.64,2.97,102.45,4/2/17-KAST,https://star.pst.qub.ac.uk/sne/ps13pi/site_media/images/data/ps13pi/57207/1141251221354240100_57207.344_64539755_15_targetfinder.jpeg,https://star.pst.qub.ac.uk/sne/ps13pi/site_media/images/data/ps13pi/57207/1141251221354240100_57207.355_64537705_10_reffinder.jpeg,-,
ATLAS16cpu,SDSS_J151148.37+461513.8,15:11:49.48',+46:15:03.22',15:11:48.37',+46:15:13.8',15:11:48.373,+46:15:13.80,17.265,16.373,-11.48,10.58,15.61,312.66,4/2/17-KAST,,,-,
PS16cqa,SDSS_J153906.91+091746.1,15:39:07.01',+09:17:40.4',15:39:06.91',09:17:46.1',15:39:06.914,+09:17:46.12,17.687,16.846,-1.42,5.72,5.89,346.05,4/2/17-KAST,,,-,
PSNJ1602512,UGC_10156_NED01,16:02:51.27',+47:13:29.0',16:02:49.89',+47:13:25.93',16:02:49.873,+47:13:31.24,14.439,13.921,-14.23,2.24,14.41,278.95,4/2/17-KAST,https://star.pst.qub.ac.uk/sne/ps13pi/site_media/images/data/ps13pi/57173/1160251271471329000_57173.412_63516916_14_targetfinder.jpeg,https://star.pst.qub.ac.uk/sne/ps13pi/site_media/images/data/ps13pi/57173/1160251271471329000_57173.426_63517849_17_reffinder.jpeg,-,
PSNJ1628383,NGC_6166,16:28:38.33',+39:32:55.9',16:28:38.47',+39:33:05.62',16:28:38.242,+39:33:04.27,17.838,17.225,-1.02,8.37,8.43,353.07,4/2/17-KAST,https://star.pst.qub.ac.uk/sne/ps13pi/site_media/images/data/ps13pi/57172/1162838331393255900_57172.470_63492837_15_targetfinder.jpeg,https://star.pst.qub.ac.uk/sne/ps13pi/site_media/images/data/ps13pi/57172/1162838331393255900_57172.475_63493027_42_reffinder.jpeg,-,
PS15bdr,2MASX_J16544931+3643391,16:54:49.42',+36:43:30.5',16:54:49.31',+36:43:39.1',16:54:49.339,+36:43:39.02,18.37,17.625,-0.97,8.52,8.58,353.48,4/2/17-KAST,https://star.pst.qub.ac.uk/sne/ps13pi/site_media/images/data/ps13pi/57207/1165449421364330500_57207.414_64543192_109_targetfinder.jpeg,https://star.pst.qub.ac.uk/sne/ps13pi/site_media/images/data/ps13pi/57207/1165449421364330500_57207.427_64545430_78_reffinder.jpeg,-,
ASASSN-15fa,NGC_6319,17:09:46',+62:58:27.01',17:09:44.07',+62:58:23.02',17:09:44.074,+62:58:22.94,12.935,12.939,-13.13,-4.07,13.74,252.78,4/2/17-KAST,http://www.astronomy.ohio-state.edu/~assassin/followup/asassn-15fa.png,,-,
ASASSN-15nr,CGCG_082-031,17:26:41.84',+13:54:35.47',17:26:41.51',+13:54:34.60',17:26:41.517,+13:54:34.93,17.469,16.556,-4.7,-0.54,4.73,263.45,4/2/17-KAST,,,-,
ASASSN-16lg,ARK_530,17:48:12.378',+17:37:31.57',17:48:12.26',+17:37:30.8',17:48:12.278,+17:37:30.91,15.834,13.222,-1.43,-0.66,1.57,245.22,4/2/17-KAST,http://www.astronomy.ohio-state.edu/~assassin/followup/asassn-15lg.png,,-,
ASASSN-15jl,SDSS_J152241.16+505836.0,15:22:41',+50:58:35.43',15:22:41.16',+50:58:36.0',15:22:41.166,+50:58:36.05,19.67,19.142,1.57,0.62,1.69,68.42,4/24/18-KAST,,,-,
ASASSN-17fd,ARK 481,15:39:05.04,+05:34:16.93,15:39:05.2,+05:34:17,,,13.361,13.366,2.39,0.07,2.39,88.32,4/24/18-KAST,,,,
AT2017po,CGCG 223-033 NED01,16:03:51.71,+39:59:25.40,16:03:50.509,+39:59:19.34,,,16.86,16.44,-13.80,-6.06,15.07,246.30,4/24/18-KAST,,,,
2017cfc,UGC 08783,13:52:39.00,-02:00:08.26,13:52:39.79,-01:59:51.6,,,15.56,14.61,11.84,16.66,20.44,35.41,4/29/17-KAST,https://star.pst.qub.ac.uk/sne/ps13pi/site_media/images/data/ps13pi/57845/1135239000020008000_57845.505_82214942_36_targetfinder.jpeg,https://star.pst.qub.ac.uk/sne/ps13pi/site_media/images/data/ps13pi/57845/1135239000020008000_57845.505_82214949_38_reffinder.jpeg,,
2017cpu,2MASX J14075270+0938281,14:07:52.37,+09:38:29.76,14:07:52.70,+09:38:28.1,,,17.942,17.186,4.88,-1.66,5.15,108.79,4/29/17-KAST,,,,here and below new as of 5/19/17
ASASSN-15np,2MASX_J15060265+0733415,15:06:02.65',+07:33:41.54',15:06:02.65',+07:33:41.5',15:06:02.659,+07:33:41.73,18.376,17.369,0.13,0.19,0.23,35.16,4/29/17-KAST,,http://skyserver.sdss.org/dr12/en/tools/chart/navi.aspx?ra=226.511080277&dec=7.56159823249&scale=0.5&width=500&height=500&opt=GPS,-,
MASTEROTJ151647,2MASX_J15164763+2837061,15:16:47.170',+28:37:42.80',15:16:47.63',+28:37:06.1',15:16:47.614,+28:37:06.40,18.774,17.948,5.85,-36.40,36.87,170.88,4/29/17-KAST,https://www.flickr.com/photos/snimages/28102720616/,,-,
2017cii,SDSS J163319.96+234356.3,16:33:19.80,+23:43:51.6,16:33:19.96,+23:43:56.3,,,20.099,19.505,2.20,4.70,5.19,25.05,4/29/17-KAST,,,,
AT2016ghq,PGC_61711,18:18:28.90',+36:19:07.80',18:18:29.10',+36:19:13.1',18:18:29.089,+36:19:13.46,16.723,16.056,2.28,5.66,6.1,21.98,4/29/17-LRIS,,http://ps1images.stsci.edu/cgi-bin/ps1cutouts?pos=274.620417%2B36.318833&filter=color,-,
ASASSN-17bd,2MASX J15591858+1336487,15:59:18.48,+13:36:51.26,15:59:18.594,+13:36:49.08,,,16.762,16.571,1.66,-2.18,2.74,142.68,5/19/2018-KAST,,,,
2017cfb,CGCG 073-094,13:54:06.83,+09:24:45.57,13:54:08.8,+09:24:46,,,15.8,15.31,29.15,0.43,29.16,89.15,5/24/17-KAST,https://star.pst.qub.ac.uk/sne/ps13pi/site_media/images/data/ps13pi/57831/1135406831092445800_57831.584_81893875_14_targetfinder.jpeg,https://star.pst.qub.ac.uk/sne/ps13pi/site_media/images/data/ps13pi/57831/1135406831092445800_57831.596_81895237_18_reffinder.jpeg,,
2017cne,2MASX J15084277+0408473,15:08:42.93,+04:08:45.87,15:08:42.77,+04:08:47.3,,,18.99,18.597,-2.39,1.43,2.79,300.85,5/24/17-KAST,https://star.pst.qub.ac.uk/sne/ps13pi/site_media/images/data/ps13pi/57850/1150842971040845700_57850.548_82367164_95_targetfinder.jpeg,https://star.pst.qub.ac.uk/sne/ps13pi/site_media/images/data/ps13pi/57850/1150842971040845700_57850.560_82368029_76_reffinder.jpeg,,
SN2016ixf,SDSS_J103944.53+150204.7,10:39:44.56,+15:02:04.78,10:39:44.53,+15:02:04.7,10:39:44.535,+15:02:04.69,21.97,22.042,-0.36,-0.09,0.37,256.04,5/28/17-LRIS,https://star.pst.qub.ac.uk/sne/ps13pi/site_media/images/data/ps13pi/57805/1103944561150204900_57805.406_81262398_96_targetfinder.jpeg,https://star.pst.qub.ac.uk/sne/ps13pi/site_media/images/data/ps13pi/57805/1103944561150204900_57805.416_81263827_79_reffinder.jpeg,-,
SN2017nw,Uncertain (SDSS 1237654030327480844),11:16:12.61,+02:48:29.1,11:16:12.52,+2:48:28.97,,,20.9,20.5,-1.35,-0.13,1.35,264.49,5/28/17-LRIS,http://skyserver.sdss.org/dr13/en/tools/chart/navi.aspx?opt=G&ra=169.052542&dec=2.808092&scale=0.1981,,,
2017ckf,Uncertain,12:57:49.32,-24:43:10.85,12:57:49.085,-24:43:06.34,,,20.8,20.6,-3.20,4.51,5.53,324.63,5/28/17-LRIS,http://ps1images.stsci.edu/cgi-bin/ps1cutouts?pos=194.455506667-24.7196816667&filter=color,,,
ATLAS16agv,???,16:41:09.71,+50:58:20.90,-,-,16:41:12,+50:58:13.28,-,21.86 (imag),21.63,-7.62,22.93,109.4,5/28/17-LRIS,http://skyserver.sdss.org/dr13/en/tools/chart/navi.aspx?opt=G&ra=250.290458&dec=50.972472&scale=0.1981,,-,
ASASSN-16ex,SDSS_J171023.63+262350.3,17:10:23.919,+26:23:47.89,17:10:23.63,+26:23:50.3,17:10:23.644,+26:23:50.53,20.904,20.731,-3.69,2.64,4.54,305.55,5/28/17-LRIS,http://www.astronomy.ohio-state.edu/~assassin/followup/asassn-16ex.png,,-,
PS15bbn,Unlisted,21:03:57.52,+13:22:06.1,21:03:57.487,+13:22:05.92,,,21.3,20.9,-0.48,-0.18,0.51,249.51,5/28/17-LRIS,https://star.pst.qub.ac.uk/ps1threepi/site_media/images/data/ps13pipublic/57203/1210357511132206100_57203.600_64416840_5410_targetfinder.jpeg,https://star.pst.qub.ac.uk/ps1threepi/site_media/images/data/ps13pipublic/57203/1210357511132206100_57203.619_64417454_88_reffinder.jpeg,,
ATLAS16dqf,Uncertain (?),21:09:07.88,-18:06:14.21,21:09:07.404,-18:06:07.82,,,19.9,19.7,-6.79,6.39,9.32,313.28,5/28/17-LRIS,http://ps1images.stsci.edu/cgi-bin/ps1cutouts?pos=317.282846667-18.1039466667&filter=color,,,
ATLAS17axb,Uncertain,13:43:23.25,-19:56:37.13,13:43:22.96,-19:56:36.6,,,19.7,19,-4.09,0.53,4.12,277.38,5/30/17-LRIS,http://ps1images.stsci.edu/cgi-bin/ps1cutouts?pos=205.846888333-19.9436466667&filter=color,,,
PS15asb,???,14:20:20.32,-09:18:03.3,-,-,14:20:21.293,-09:18:11.42,19.5,18.3,14.4,-8.12,16.53,119.41,5/30/17-LRIS,https://star.pst.qub.ac.uk/sne/ps13pi/site_media/images/data/ps13pi/57183/1142020320091803200_57183.336_63762388_76_targetfinder.jpeg,https://star.pst.qub.ac.uk/sne/ps13pi/site_media/images/data/ps13pi/57183/1142020320091803200_57183.350_63763637_66_reffinder.jpeg,-,redo offset
PS16ccn,???,18:12:29.35,+31:16:47.4,-,-,18:12:29,+31:16:47.85,21.1,21.2,-4.49,0.45,4.51,275.73,5/30/17-LRIS,https://star.pst.qub.ac.uk/sne/ps13pi/site_media/images/data/ps13pi/57505/1181229351311647400_57505.565_75397615_27_targetfinder.jpeg,https://star.pst.qub.ac.uk/sne/ps13pi/site_media/images/data/ps13pi/57505/1181229351311647400_57505.565_75397615_27_reffinder.jpeg,-,
ASASSN-15hy,ASASSN-15hy,20:10:02,-00:44:21.31,20:10:02.3,-00:44:21,-,-,-,21.8,4.5,0.31,4.51,86.06,5/30/17-LRIS,https://star.pst.qub.ac.uk/sne/ps13pi/site_media/images/data/ps13pi/57172/1201002340004421300_57172.560_63503358_57_targetfinder.jpeg,https://star.pst.qub.ac.uk/sne/ps13pi/site_media/images/data/ps13pi/57172/1201002340004421300_57172.573_63503408_27_reffinder.jpeg,-,
AT2016gky,UGC 11651,20:57:10.20,+25:57:52.09,20:57:15.38,+25:57:53.50,,,18.613,17.469,69.86,1.42,69.87,88.84,5/30/17-LRIS,,http://skyserver.sdss.org/dr13/en/tools/chart/navi.aspx?opt=G&ra=314.2925&dec=25.964469&scale=0.1981,,
2017jef,2MASX J15052096+1247036,15:05:21.04,+12:47:03.52,15:05:20.902,+12:47:03.56,,,16.6,15.9,-2.02,0.04,2.02,271.14,5/7/18-KAST,,,,
ASASSN-17eb,2MASX J15383353+1320423,15:38:34.052,+13:20:51.56,15:38:33.504,+13:20:42.78,,,17.393,16.873,-8.00,-8.78,11.88,222.33,5/7/18-KAST,,,,
2018jh,2MASX J14211713-0637416,14:21:17.40,-06:37:38.80,14:21:17.14,-06:37:41.6,,,,15.8,-3.87,-2.80,4.78,234.14,6/10/2018-LRIS,,,,
PS17cjo,GALEXASC J125516.20-172854.5,12:55:15.88,-17:28:55.00,12:55:16.20,-17:28:54.5,,,19.8,19.4,4.58,0.50,4.61,83.77,6/20/17-Goodman,https://star.pst.qub.ac.uk/sne/ps13pi/site_media/images/data/ps13pi/57858/1125515880172855300_57858.430_82538887_70_targetfinder.jpeg,https://star.pst.qub.ac.uk/sne/ps13pi/site_media/images/data/ps13pi/57858/1125515880172855300_57858.441_82539759_44_reffinder.jpeg,,
ASASSN-15nq,2MFGC_13779,17:17:19.23',+33:27:43.27',17:17:18.82',+33:27:47.09',17:17:18.815,+33:27:46.87,17.975,17.244,-5.19,3.60,6.32,304.73,6/21/17-KAST,http://www.astrosurf.com/jmllapasset/pubb/im_2015/im2015_2/ASASSN-15nqLL_C201508112033.jpg,,-,
SN2016gfr,PGC_1693718,18:19:35.57',+23:47:09.20',18:19:35.7',+23:47:14',18:19:35.672,+23:47:13.87,15.5,14.7,1.4,4.67,4.88,16.69,6/21/17-KAST,,http://skyserver.sdss.org/dr13/en/tools/chart/navi.aspx?opt=G&ra=274.898208&dec=23.785889&scale=0.1981,-,
ASASSN-15fs,CGCG_229-010,18:58:41',+43:28:07.88',18:58:40.66',+43:28:05.99',18:58:40.670,+43:28:06.08,18.72,17.863,-3.59,-1.80,4.02,243.39,6/21/17-KAST,,,-,
ASASSN-16ej,UGC_11409,19:10:37.327',+37:39:17.02',19:10:37.49',+37:39:19.12',19:10:37.466,+37:39:19.15,18.055,17.235,1.65,2.13,2.69,37.77,6/21/17-KAST,,,-,
AT2016cvv,CGCG_280-024,19:20:28.85',+54:12:30.66',19:20:30.38',+54:12:41.00',19:20:30.343,+54:12:41.04,17.395,16.864,13.1,10.38,16.71,51.6,6/21/17-KAST,,,-,
ATLAS16eej,Unlisted,23:52:16.97,-22:45:19.86,23:52:17.0,-22:45:22,,,17.80,19.891(imag),0.41,-2.14,2.18,169.03,7/17/2017-Goodman,,http://ps1images.stsci.edu/cgi-bin/ps1cutouts?pos=358.070691-22.755518&filter=color,,
CSS160428,SDSS_J132307.26+523858.1,13:23:07.22',+52:38:56.07',13:23:07.26',+52:38:58.1',13:23:07.26,+52:38:58.1,20.36,19.99,0.364,2.03,2.06,10.17,7/19/17-LRIS,http://skyserver.sdss.org/dr13/en/tools/chart/navi.aspx?opt=G&ra=200.78&dec=52.649028&scale=0.1981,http://nesssi.cacr.caltech.edu/catalina/20160428/1604281520464123115.html,-,
AT 2016bln,NGC_5221,13:34:45.49',+13:51:14.30',13:34:55.90',+13:49:57.00',13:34:55.903,+13:49:57.01,13.91,12.94,151.67,-77.28,170.22,117,7/19/17-LRIS,https://star.pst.qub.ac.uk/sne/ps13pi/site_media/images/data/ps13pi/57490/1133445491135114000_57490.394_74877305_3_targetfinder.jpeg,https://star.pst.qub.ac.uk/sne/ps13pi/site_media/images/data/ps13pi/57490/1133445491135114000_57490.406_74876540_8_reffinder.jpeg,-,
AT2016ews,SDSS_J150238.20+232101.5,15:02:36.55',+23:21:09.54',15:02:38.20',+23:21:01.5',15:02:36.397,+23:21:08.24,21.23,20.47,-2.11,-1.30,2.48,238.33,7/19/17-LRIS,,http://skyserver.sdss.org/dr13/en/tools/chart/navi.aspx?opt=G&ra=225.652292&dec=23.35265&scale=0.1981,-,
ATLAS16cxr,???,18:08:06.50,+25:24:31.3,-,-,18:08:06.45,+25:24:31.85,19.2,18.9,-0.677,0.55,0.873,309.07,7/19/17-LRIS,http://ps1images.stsci.edu/cgi-bin/ps1cutouts?pos=272.027086667%2B25.4087&filter=color,"http://irsa.ipac.caltech.edu/applications/finderchart/#id=Hydra_finderchart_finder_chart&RequestClass=ServerRequest&DoSearch=true&subsize=0.08333333400000001&thumbnail_size=medium&sources=DSS,SDSS,twomass,WISE&overlay_catalog=true&catalog_by_radius=true&sdss_radius=5&twomass_radius=5&wise_radius=5&one_to_one=_none_&UserTargetWorldPt=272.02708333333334;25.4087;EQ_J2000&SimpleTargetPanel.field.resolvedBy=nedthensimbad&dss_bands=poss1_blue,poss1_red,poss2ukstu_blue,poss2ukstu_red,poss2ukstu_ir&SDSS_bands=u,g,r,i,z&twomass_bands=j,h,k&wise_bands=1,2,3,4&projectId=finderchart&searchName=finder_chart&shortDesc=Finder%20Chart&isBookmarkAble=true&isDrillDownRoot=true&isSearchResult=true",-,
PS15bif,Anonymous,20:20:17.76,-23:44:36.7,20:20:17.722,-23:44:38.37,,,20.1,19.4,-0.52,-1.67,1.75,197.35,7/19/17-LRIS,https://star.pst.qub.ac.uk/sne/ps13pi/site_media/images/data/ps13pi/57222/1202017770234436700_57222.487_64857887_595_targetfinder.jpeg,https://star.pst.qub.ac.uk/sne/ps13pi/site_media/images/data/ps13pi/57222/1202017770234436700_57222.498_64859740_543_reffinder.jpeg,,
PS15bwh,Anonymous (?),23:30:34.60,-18:53:29.5,23:30:34.710,-18:53:30.43,,,21.7,21.8,1.56,-0.93,1.82,120.78,7/19/17-LRIS,https://star.pst.qub.ac.uk/ps1threepi/site_media/images/data/ps13pipublic/57271/1233034600185329500_57271.464_65746475_37_targetfinder.jpeg,https://star.pst.qub.ac.uk/ps1threepi/site_media/images/data/ps13pipublic/57271/1233034600185329500_57271.474_65747343_48_reffinder.jpeg,,
2016hnk,KUG_0210-078,02:13:16.63',-07:39:40.80',02:13:15.790',-07:39:42.70',02:13:15.790',-07:39:42.70',14.44,13.59,-12.49,-1.90,12.63,261.35,"7/19/17-LRIS, 11/15/17-LRIS",https://star.pst.qub.ac.uk/sne/ps13pi/psdb/candidate/1021316610073941200/,,-,
2017dez,SDSS J162731.04+494141.0,16:27:30.92,+49:41:44.6,16:27:31.04,+49:41:41.0,,,18.2,17.9,1.16,-3.60,3.78,162.08,7/2/17-KAST,https://star.pst.qub.ac.uk/sne/ps13pi/site_media/images/data/ps13pi/57880/1162730971494144600_57880.500_82903524_48_targetfinder.jpeg,https://star.pst.qub.ac.uk/sne/ps13pi/site_media/images/data/ps13pi/57880/1162730971494144600_57880.514_82904676_50_reffinder.jpeg,,
2017drh,NGC 6384,17:32:26.05,+07:03:47.52,17:32:24.30,+07:03:37.0,,,12.57,11.65,-26.05,-10.52,28.09,248.01,7/2/17-KAST,http://skyserver.sdss.org/dr13/en/tools/chart/navi.aspx?opt=G&ra=263.108542&dec=7.0632&scale=0.1981,,,
2016hns,KUG 2137+241,21:39:41.05,+24:24:24.12,21:39:41.3,+24:24:18,,,,15.6,3.41,-6.12,7.01,150.84,7/2/17-KAST,http://www.webalice.it/e.prosperi/obs/sne/KUG2137+241_2016hns_20161029.jpg,http://skyserver.sdss.org/dr13/en/tools/chart/navi.aspx?opt=G&ra=324.921054&dec=24.4067&scale=0.1981,,
ASASSN-17co,UGC 11128,18:09:20.87,+18:17:56.29,18:09:20.55,+18:17:51.1,,,,15.47,-4.56,-5.19,6.91,221.29,7/22/17-KAST,http://www.astronomy.ohio-state.edu/~assassin/followup/asassn-17co.png,http://ps1images.stsci.edu/cgi-bin/ps1cutouts?pos=272.33695%2B18.29897&filter=color,,
2016hhv,SDSS J233547.85+204226.6,23:35:48.48,+20:42:31.62,23:35:47.85,+20:42:26.6,,,13.6,14,-8.84,-5.02,10.17,240.41,7/22/17-KAST,,,,
PS15cku,2MASX J01242239+0335168,01:24:22.53,+03:35:15.2,01:24:22.39,+03:35:16.8,,,18.6,18.4,-2.10,1.60,2.64,307.36,7/26/17-KOSMOS,https://star.pst.qub.ac.uk/sne/ps13pi/site_media/images/data/ps13pi/57311/1012422531033515200_57311.382_68928236_6_targetfinder.jpeg,https://star.pst.qub.ac.uk/sne/ps13pi/site_media/images/data/ps13pi/57311/1012422531033515200_57311.393_68927979_12_reffinder.jpeg,,
2017ciy,Uncertain,17:04:06.90,+25:03:09.95,17:04:07.24,+25:03:01.97,,,18.054,17.401,4.62,-7.98,9.22,149.93,7/28/17-KAST,,,,
PSNJ23102264+0735202,NGC 7499,23:10:22.64,+07:35:20.2,23:10:22.38,+07:34:50.41,,,14.05,13.12,-3.87,-29.79,30.04,187.39,7/28/17-KAST,,"http://irsa.ipac.caltech.edu/applications/finderchart/#id=Hydra_finderchart_finder_chart&RequestClass=ServerRequest&DoSearch=true&subsize=0.08333333400000001&thumbnail_size=medium&sources=DSS,SDSS,twomass,WISE&overlay_catalog=true&catalog_by_radius=true&sdss_radius=5&twomass_radius=5&wise_radius=5&one_to_one=_none_&UserTargetWorldPt=347.59433333333334;7.5889444444444445;EQ_J2000&SimpleTargetPanel.field.resolvedBy=nedthensimbad&dss_bands=poss1_blue,poss1_red,poss2ukstu_blue,poss2ukstu_red,poss2ukstu_ir&SDSS_bands=u,g,r,i,z&twomass_bands=j,h,k&wise_bands=1,2,3,4&projectId=finderchart&searchName=finder_chart&shortDesc=Finder%20Chart&isBookmarkAble=true&isDrillDownRoot=true&isSearchResult=true",,
PS15bst,GALEXASC J233401.02-131743.5,23:34:01.02,-13:17:45.4,23:34:01.02,-13:17:43.5,,,18.6,18.3,0.00,1.90,1.90,0.00,7/28/17-KAST,https://star.pst.qub.ac.uk/sne/ps13pi/site_media/images/data/ps13pi/57248/1233401020131745300_57248.518_65476624_28_targetfinder.jpeg,https://star.pst.qub.ac.uk/sne/ps13pi/site_media/images/data/ps13pi/57248/1233401020131745300_57248.530_65477138_15_reffinder.jpeg,,
2017htb,KUG 2207+174,22:09:38.73,+17:39:40.39,22:09:39.000,+17:39:41.65,,,15.1,14.5,3.86,1.26,4.06,71.92,7/7/18-KAST,,,,
2017ixg,2MASX J23203073+2446317,23:20:30.57,+24:46:39.40,23:20:30.75,+24:46:31.7,,,16.4,15.8,2.45,-7.70,8.08,162.34,7/7/18-KAST,,,,
2017grw,NGC 6018,15:57:29.70,+15:52:21.94,15:57:29.774,+15:52:21.43,,,14.4,13.5,1.07,-0.51,1.18,115.53,7/7/2018-KAST,,,,
AT2016eoa,SDSS J002122.40+222600.9,00:21:23.10,+22:26:08.30,00:21:22.40,+22:26:00.9,,,13.178,12.852,-9.71,-7.40,12.20,232.68,8/20/17-KAST,,,,
SN2017jl,Unlisted (2MASX J00573150+3011098),00:57:31.90,+30:11:06.83,00:57:31.5 ,30:11:10,,,19.4,18.7,-5.19,3.17,6.08,301.43,8/20/17-KAST,,,,
AT2016fbk,UGC_01212,01:44:06.57',+34:22:58.20',01:44:08.15',+34:23:14.32',01:44:08.136,+34:23:14.04,14.29,13.4,19.38,15.84,25.03,50.75,8/20/17-KAST,,http://skyserver.sdss.org/dr13/en/tools/chart/navi.aspx?opt=G&ra=26.027375&dec=34.382833&scale=0.1981,-,
PS15cfn,APMUKS(BJ) B215635.04-212137.1,21:59:21.97,-21:07:10.7,21:59:22.00,-21:07:13.5,21:59:21.972,-21:07:13.15,,19.98,0.03,-2.45,2.45,179.35,8/20/17-LRIS,https://star.pst.qub.ac.uk/ps1threepi/site_media/images/data/ps13pipublic/57303/1215921970210710800_57303.314_67866036_114_targetfinder.jpeg,https://star.pst.qub.ac.uk/ps1threepi/site_media/images/data/ps13pipublic/57303/1215921970210710800_57303.325_67866884_98_reffinder.jpeg,,
PS15bzz,SDSS J003741.69+014547.1,00:37:41.94,+01:45:46.0,00:37:41.69,+01:45:47.1,,,21.5,21.65,-3.75,1.10,3.91,286.36,8/23/17-LRIS,https://star.pst.qub.ac.uk/sne/ps13pi/site_media/images/data/ps13pi/57276/1003741941014546000_57276.487_65865208_44_targetfinder.jpeg,https://star.pst.qub.ac.uk/sne/ps13pi/site_media/images/data/ps13pi/57276/1003741941014546000_57276.501_65866069_49_reffinder.jpeg,,
ATLAS16bwu,GALEXASC J011422.73-130915.9,01:14:22.26,-13:09:11.12,01:14:22.73,-13:09:15.9,,,19.716,19.307,6.87,-4.78,8.37,124.85,8/23/17-LRIS,,,http://ps1images.stsci.edu/cgi-bin/ps1cutouts?pos=18.592745-13.153088&filter=color,
CSS161013:015319+171853,SDSS_J015319.55+171854.5,01:53:19.45,+17:18:53.42,01:53:19.55',+17:18:54.5',01:53:19.55',+17:18:54.5',21.76,21.18,1.43,1.08,1.79,52.98,8/23/17-LRIS,https://star.pst.qub.ac.uk/sne/ps13pi/site_media/images/data/ps13pi/57686/1015319451171853400_57686.484_78803750_50_targetfinder.jpeg,https://star.pst.qub.ac.uk/sne/ps13pi/site_media/images/data/ps13pi/57686/1015319451171853400_57686.497_78805113_47_reffinder.jpeg,-,
SN2016grz,SDSS_J015533.01+334921.3,01:55:32.95',+33:49:22.70',01:55:33.01',+33:49:21.3',01:55:33.002,+33:49:21.34,20.09,19.57,0.65,-1.36,1.51,154.52,8/23/17-LRIS,,http://skyserver.sdss.org/dr13/en/tools/chart/navi.aspx?opt=G&ra=28.887292&dec=33.822972&scale=0.1981,-,http://ps1images.stsci.edu/cgi-bin/ps1cutouts?pos=28.887292%2B33.822972&filter=color
SN2016esh,SDSS_J160414.37+164124.5,16:04:14.47',+16:41:14.03',16:04:14.37',+16:41:24.5',16:04:14.372,+16:41:24.55,19.688,19.103,-1.41,10.52,10.61,352.38,8/23/17-LRIS,,,-,http://ps1images.stsci.edu/cgi-bin/ps1cutouts?pos=241.0598%2B16.69002&filter=color
SN2016cuv,SDSS_J161914.64+402512.8,16:19:14.74',+40:25:14.10',16:19:14.64',+40:25:12.8',16:19:14.669,+40:25:13.81,18.9,18.6,-0.81,-0.29,0.86,250.32,8/23/17-LRIS,,,-,http://ps1images.stsci.edu/cgi-bin/ps1cutouts?pos=244.811417%2B40.420583&filter=color
PS16cvc,GALEXASC J211223.05+144644.9,21:12:23.35,+14:46:45.4,21:12:23.05,+14:46:44.9,21:12:23.013,+14:46:43.65,20.9,20.38,-4.35,-0.50,4.38,263.44,8/23/17-LRIS,https://star.pst.qub.ac.uk/sne/ps13pi/site_media/images/data/ps13pi/57558/1211223351144645400_57558.531_76516751_51_targetfinder.jpeg,https://star.pst.qub.ac.uk/sne/ps13pi/site_media/images/data/ps13pi/57558/1211223351144645400_57558.542_76517617_49_reffinder.jpeg,,
PS16dnp,SDSS J225939.63+020858.8,22:59:39.51,+02:08:59.1,22:59:39.63,+02:08:58.8,,,20.8,20.4,1.80,-0.30,1.82,99.47,8/23/17-LRIS,https://star.pst.qub.ac.uk/sne/ps13pi/site_media/images/data/ps13pi/57597/1225939511020859100_57597.566_77227070_33_targetfinder.jpeg,https://star.pst.qub.ac.uk/sne/ps13pi/site_media/images/data/ps13pi/57597/1225939511020859100_57597.580_77229280_38_reffinder.jpeg,,
SN2016glz,Anonymous (no offset?),00:05:53.59,+08:25:48.58,00:05:53.574,+08:25:48.53,,,21.7,21.7,-0.24,-0.05,0.25,258.11,9/14/17-LRIS,https://star.pst.qub.ac.uk/sne/ps13pi/site_media/images/data/ps13pi/57667/1000553591082548500_57667.483_78249018_12_targetfinder.jpeg,https://star.pst.qub.ac.uk/sne/ps13pi/site_media/images/data/ps13pi/57667/1000553591082548500_57667.496_78249479_15_reffinder.jpeg,,
CSS151120-0,,04:45:25.70,-19:01:57.5,-,-,04:45:25.669,-19:01:55.89,-,21.5 (imag),-0.44,1.61,1.67,344.73,9/14/17-LRIS,,,-,
PSNJ0153424,UGC_01359,01:53:42.40',+29:56:10.7',01:53:42.24',+29:55:59.41',01:53:42.268,+29:55:59.72,16.578,16.12,-1.72,-10.98,11.11,188.88,9/19/17-KAST,,,-,
ASASSN-16ci,NGC_1272,03:19:21.321',+41:29:25.61',03:19:21.29',+41:29:26.30',03:19:21.283,+41:29:26.59,13.104,12.836,-0.43,0.98,1.07,336.46,9/19/17-KAST,,,-,
ATLAS16dod,MCG_+8-7-8,03:43:38.45',+46:09:32.77',03:43:39.0',+46:09:20',03:43:39.070,+46:09:19.88,17.939,16.834,6.44,-12.89,14.41,153.44,9/19/17-KAST,,,-,
PSNJ2043531,NGC 6956,20:43:53.14,+12:30:30.4,20:43:53.70,+12:30:42.91,,,16.4,15.8,8.20,12.51,14.96,33.25,9/19/17-KAST,,,,
2017fnz,GALEXASC J222942.86+114818.1,22:29:42.86,+11:48:16.70,22:29:42.8,+11:48:18,,,18.6,17.2,-0.88,1.30,1.57,325.88,9/19/17-KAST,,,,
ASASSN-16hz,2MASX J23154564-0120135,23:15:45.48,-01:20:22.73,23:15:45.64,-01:20:13.5,,,18.207,17.758,2.40,9.23,9.54,14.57,9/25/17-KAST,,,,
SN2016glp,SDSS J233613.97+234144.9,23:36:14.00,+23:41:45.3,23:36:13.97,+23:41:44.97,,,17.574,16.94,-0.41,-0.33,0.53,231.31,9/25/17-KAST,,,,Also observed 11/21/17-KAST as PS16ejp - Swope
PS15bsq,MCG -02-60-012,23:41:52.17,-08:38:16.4,23:41:52.63,-08:38:53.48,,,17.307,16.515,6.82,-37.08,37.70,169.58,9/25/17-KAST,https://star.pst.qub.ac.uk/sne/ps13pi/site_media/images/data/ps13pi/57248/1234152170083816500_57248.512_65476171_30_targetfinder.jpeg,https://star.pst.qub.ac.uk/sne/ps13pi/site_media/images/data/ps13pi/57248/1234152170083816500_57248.524_65473295_31_reffinder.jpeg,,
 ,Host Galaxy,SN Ra,SN Dec ,Host RA,Host Dec,Host RA from PS,Host Dec from PS,g mag,r mag,East offset,North offset,Separation,Position Angle,Date Observed / Instrument,Finding Chart with SN,Finding Chart without SN,,
ATLAS17kgv,GALEXASC J001250.93-225147.8,00:12:51.24,-22:51:42.18,00:12:50.89,-22:51:48.3,,,17.60,,-4.84,-6.12,7.80,218.32,,,,,
2017gig,GALEXASC J003632.09-303442.2,00:36:32.94,-30:34:55.42,00:36:32.097,-30:34:42.04,00:36:32.097,-30:34:42.04,,16.6,-10.89,13.38,17.25,320.87,,,,,
ATLAS17jxe,2MASX J00555873-0937368,00:55:58.57,-09:37:35.36,00:55:58.697,-09:37:36.73,,,16.8,16,1.88,-1.37,2.32,126.11,,,,,
2018ctv,2018-06-23,01:25:52.03,-01:22:01.65,01:25:40.8,-01:24:26,,,,big offset,,,,,,,,,
ASASSN-16ip,ESO 479-G007,02:27:21.70,-23:55:45.30,02:27:21.83,-23:55:43.72,,,,bright,1.78,1.58,2.38,48.44,,,,,
2017itp,2MASX J03001587-1031455,03:00:15.19,-10:31:47.28,03:00:15.913,-10:31:46.02,,,,15.9,10.66,1.26,10.74,83.26,,,,,
2017hou, UGC 2969,04:09:02.14,-01:09:36.40,04:09:01.56,-01:09:34.6,,,14.5,13.9,-8.70,1.80,8.88,281.69,,,,,
2017glb,2MASX J04512765-1657381,04:51:27.75,-16:57:38.28,04:51:27:65,-16:57:38.1,,,16.40,,-10.76,0.18,10.76,270.96,,,,,
2017guh,ESO 486- G 019,05:03:13.14,-22:49:59.16,05:03:13.17,-22:49:59.2,,,12.3,12,0.41,-0.04,0.42,95.51,,,,,
2017hjw, UGC 3245,05:08:43.99,+70:28:32.28,05:08:40.60,+70:28:48.1,,,14.60,,-16.99,15.82,23.22,312.96,,,,,
2017jym,2MASX J05460230-2539071,05:46:02.51,-25:39:06.83,05:46:02.320,-25:39:07.20,,,,16.4,-2.57,-0.37,2.60,261.80,,,,,
Gaia16agf,,06:34:09.0,-25:11:04.6,-,-,06:34:08.244,-25:11:21.86,19.1,19.5,-10.26,-17.26,20.08,210.73,,https://star.pst.qub.ac.uk/sne/ps13pi/site_media/images/data/ps13pi/57443/1063408970251104600_57443.351_73289662_195_targetfinder.jpeg,https://star.pst.qub.ac.uk/sne/ps13pi/site_media/images/data/ps13pi/57443/1063408970251104600_57443.351_73289665_211_reffinder.jpeg,-,
2018gv,NGC 2525,08:05:34.61,-11:26:16.30,08:05:38.04,+10:55:56.65,,,,12,50.43,39.00,63.75,52.28,,,,,
2017iyw,PGC 023050,08:13:30.63,+71:25:45.12,08:13:30.964,+71:25:40.76,,,,15.7,1.60,-4.36,4.64,159.90,,,,,
MASTEROTJ083256,PGC 152788,08:32:56.920,-03:51:28.10,08:32:57.295,-03:51:29.59,,,17.036,16.436,5.61,-1.49,5.81,104.87,,,,,
2017cfd,IC 511,08:40:49.15,+73:29:15.14,08:40:50.45,+73:29:12.0,,,13.213,12.994,5.54,-3.14,6.37,119.53,,,,,
2018dx,SDSS J091612.25+390341.8,09:16:12.33,+39:03:42.30,09:16:12.255,+39:03:41.84,,-18:32:56.40,20.9,20.6,-0.87,-0.46,0.99,242.23,,,,,
2018eh,2MASX J09320695-2449030/ PS1 78211430289079110	,09:32:03.05,-24:48:56.45,09:32:06.94,-24:49:03.3,,,,,,,,,,unsure of host,,,
SN2017lc,Anonymous,09:44:25.70,-18:32:54.02,-,-,09:44:25.42',-18:32:56.40,21.5,20.6,-3.98,-2.38,4.64,239.13,,,,,
2018gl,NGC 3070,09:58:06.25,+10:21:33.84,09:58:06.945,+10:21:35.21,,,12.85,12.1,10.26,1.37,10.35,82.39,,,,,
PS15cms,,09:58:35.09,+00:44:34.8,09:58:35.385,00:44:33.94,,,18.128,17.499,4.42,-0.86,4.51,101.00,,,,,
2017iye,2MASX J10070053-1416102,10:07:00.81,-14:15:58.38,10:07:00.51,-14:16:10.2,,,,13.9,-4.36,-11.82,12.60,200.25,,,,,
2017dgi,LCRS B100946.0-053912,10:12:15.70,-05:54:08.99,10:12:16.38,-05:54:04.6,,,17.558,16.732,10.15,4.39,11.05,66.60,,,,,
PS16bnz,UGC_05586_NED02,10:20:36.90',-02:28:00.3',10:20:35.12',-02:28:06.10',10:20:35.123,-02:28:06.16,17.645,16.765,-26.63,-5.86,27.27,257.59,,,,-,
PS16axi,2MASX_J10480747+0010017,10:48:07.13',+00:09:48.5',10:48:07.47',+00:10:01.7',10:48:07.500,+00:10:01.62,18.223,17.393,5.55,13.12,14.25,22.93,,,,-,
iPTF17fs,"(AT 2017fs, No host)",10:51:36.01,+69:50:02.30,-,-,,,-,-,,,,,,,,,
PS16em,LCRS_B105301.1-030602,10:55:34.00',-03:21:58.6',10:55:33.87',-03:22:02.9',10:55:33.855,-03:22:02.93,18.87,18.294,-2.17,-4.33,4.84,206.63,,,,-,
2018ced,2018-06-05,10:58:27.09,+51:41:44.66,10:58:27.191,+51:41:44.13,,,17.4,16.9,0.94,-0.53,1.08,119.44,,,,,
2018bq,LCRS B110329.3-121524,11:05:59.59,-12:31:37.93,11:05:59.572,-12:31:37.36,,,,16.5,-0.26,0.57,0.63,335.18,,,,,
SN2016aqa,,11:23:52.74,-05:33:06.55,11:23:53,-5:33:07,,,18.883,18.008,3.88,-0.45,3.91,96.61,,,,-,
2018cmk,2018-06-16,11:38:29.86,+20:31:44.26,11:38:29.465,+20:31:39.77,,,14.10,13.30,,,,,,,,,
ATLAS17ajn,ESO 440-G1,11:44:26.54,-28:27:27.22,11:44:25.9,-28:27:44,11:44:25.899,-28:27:43.51,18.8,17.96,-8.44,-16.78,18.78,206.70,,,,,
2017dhp,SDSS J115413.89+114539.3,11:54:14.38,+11:45:40.5,11:54:13.89,+11:45:39.3,,,18.963,17.774,-7.20,-1.20,7.30,260.53,,,,,
PSNJ1204051,CGCG_069-037,12:04:05.16',+14:04:05.9',12:04:05.41',+14:03:56.02',12:04:05.421,+14:03:55.85,19.289,18.296,3.8,-10.05,10.74,159.3,,,,-,
2018cdt,2018-06-09,12:20:01.67,+56:09:31.88,12:20:01.505,+56:09:46.46,,,15,14.1,,,,,,,,,
2018bie,CGCG 014-073 ,12:35:44.33,-00:13:16.01,12:35:43.633,-00:13:25.73,,,16.20,15.70,-10.45,-9.72,14.28,227.09,,,,,
ATLAS16bdg,NGC_4708,12:49:41.374',-11:05:34.42',12:49:41.47',-11:05:34.91',12:49:41.505,-11:05:35.11,16.757,16.559,1.93,-0.69,2.05,109.69,,,,-,
PS15atx,2MASX_J13031865-2303572,13:03:18.58,-23:03:56.8,13:03:18.65,-23:03:57.2,13:03:18.695,-23:03:56.80,18.923,18.189,1.59,0.00,1.59,90,,,https://star.pst.qub.ac.uk/sne/ps13pi/site_media/images/data/ps13pi/57189/1130318580230356800_57189.340_63911309_74_reffinder.jpeg,-,
ASASSN-16ch,CGCG_101-008,13:11:58.00',+14:33:58.98',13:11:57.81',+14:33:59.26',13:11:57.809,+14:33:59.18,18.689,17.898,-2.77,0.20,2.78,274.13,,,,-,
ASASSN-15lg,CGCG_044-042,13:15:32.84',+3:30:02.31',13:15:32.70',+03:30:02.81',13:15:32.713,+03:30:02.78,18.43,17.535,-1.9,0.47,1.96,283.88,,,,-,
ASASSN-16dw,2MASX_J13300119-2758297,13:30:00.82',-27:58:26.04',13:30:01.19',-27:58:29.7',13:30:01.209,-27:58:29.67,18.275,17.12,5.15,-3.63,6.3,125.16,,,,-,
ASASSN-16fo,2MASX_J13323577-0516218,13:32:35.812',-05:16:21.33',13:32:35.77',-05:16:21.8',13:32:35.768,-05:16:21.65,17.467,16.91,-0.66,-0.32,0.73,244.04,,,,-,
AT2017zd,2MASX J13324217-2148034,13:32:42.09,-21:48:04.35,13:32:42.179,-21:48:03.76,,,17.79,17.032,1.24,0.59,1.37,64.55,,,,,
ASASSN-16hp,ESO_509-IG064,13:34:38.64',-23:40:53.15',13:34:39.19',-23:40:46.52',13:34:39.372,-23:40:45.93,24.635,18.203,10.06,7.22,12.38,54.32,,,,-,
SN2016aqt,SDSS_J134550.90+264747.4,13:45:50.73',+26:47:47.3',13:45:50.90',+26:47:47.4',13:45:50.919,+26:47:47.57,17.9,17.5,2.53,0.27,2.54,83.91,,,,-,
PS17akj,LCRS B134713.8-024957,13:49:49.15,-03:04:48.09,13:49:49.069,-03:04:48.51,,,17.9,17.7,-1.21,-0.42,1.28,250.91,,,,,
SN2016blh,CGCG_018-062,14:09:40.49',-00:39:24.04',14:09:40.34',-00:39:20.77',14:09:40.347,-00:39:20.77,18.412,18.048,-2.14,3.27,3.91,326.74,,,,-,
ASASSN-16bq,IC_0986,14:11:26.491',+01:17:09.47',14:11:26.23',+01:17:11.47',14:11:26.222,+01:17:11.39,16.416,13.312,-4.03,1.92,4.47,295.45,,,,-,
ASASSN-15mf,UGC_09108_NED02,14:14:22.80',+02:58:31.0',14:14:23.00',+02:58:31.58',14:14:23.000,+02:58:31.58,15.5,16.532,3,0.58,3.05,79,,http://www.astronomy.ohio-state.edu/~assassin/followup/asassn-15mf.png,,-,
PTSS-17niq,2MASX J14201616+1520386,14:20:16.69,+15:20:29.57,14:20:16.180,+15:20:39.11,,,18.381,17.521,-7.38,9.54,12.06,322.29,,,,,
PS16bby,2MASX_J14201699-2211186,14:20:18.04',-22:11:20.4',14:20:16.99',-22:11:18.6',14:20:16.968,-22:11:18.86,17.729,17.4,-14.89,1.54,14.97,275.9,,,,-,
PS16ayd,SDSS_J142718.87-014042.4,14:27:18.34',-01:40:31.1',14:27:18.87',-01:40:42.4',14:27:18.872,-01:40:42.44,17.795,17.043,7.98,-11.34,13.86,144.88,,,,-,
2017cbv,NGC 5643,14:32:34.42,-44:08:02.74,14:32:40.7,-44:10:28,,,10.7,10.7,67.56,-145.27,160.21,155.06,,https://www.flickr.com/photos/43846774@N02/33010691130/,,,
2018but,2018-05-21,14:34:47.01,-19:25:31.34,14:34:46.219,-19:25:15.39,,,,-,-11.19,15.95,19.48,324.95,,,,,
ASASSN-16fs,UGC_09523,14:47:06.38',+11:35:41.92',14:47:06.19',+11:35:37.72',14:47:06.320,+11:35:37.70,16.125,13.088,-0.88,-4.22,4.31,191.8,,,,-,
2018bgz,2018-05-19,14:49:38.30,+25:22:12.72,14:49:35.824,+25:22:52.83,,,22.5?,21.2?,-33.56,40.11,52.30,320.09,,,,,
2018bsn,2018-05-19,14:57:28.68,+05:50:33.10,14:57:28.177,+05:50:38.06,,,15.88,15.05,-7.51,4.96,9.00,303.46,,,,,
ASASSN-15bm,GALEXASC_J150551.56-053737.2,15:05:52',-05:37:37.05',15:05:51.56',-05:37:37.2',15:05:51.618,-05:37:35.05,12.637,13.161,-5.7,2.00,6.04,289.33,,,,-,
ASASSN-16ct,SDSS_J151354.30+044525.7,15:13:54.326',+04:45:25.89',15:13:54.30',+04:45:25.7',15:13:54.303,+04:45:25.68,18.3,17.7,-0.34,-0.21,0.4,238.58,,,,-,
SN2016cor,SDSS_J154431.47+161814.0,15:44:31.20',+16:18:12.80',15:44:31.47',+16:18:14.0',15:44:31.486,+16:18:14.00,20.315,19.69,4.12,1.20,4.29,73.75,,,,-,
ASASSN-15il,2MASX_J15570808-1240252,15:57:08',-12:40:23.93',15:57:08.08',-12:40:25.2',15:57:08.119,-12:40:25.26,17.188,16.87,1.74,-1.33,2.19,127.37,,,,-,
ASASSN-16jf,UGCA 430,22:36:59.14,-25:13:55.63,22:37:2.99,-25:14:11.11,,,,13.98,52.24,-15.48,54.48,106.51,,https://star.pst.qub.ac.uk/sne/ps13pi/site_media/images/data/ps13pi/57680/1223659200251355200_57680.315_78681119_47_targetfinder.jpeg,https://star.pst.qub.ac.uk/sne/ps13pi/site_media/images/data/ps13pi/57680/1223659200251355200_57680.326_78682348_40_reffinder.jpeg,,
2017hpj,MCG -3-60-23,23:54:20.56,-17:18:21.06,23:54:20.93,-17:18:20.9,,,17.6,17.3,5.30,0.16,5.30,88.27,,,,,
PS16ejh,ESO 472- G 013,23:59:26.19,-24:25:26.7,23:59:26.58,-24:25:30.40,,,15.071,14.456,5.33,-3.70,6.49,124.79,,,,,
,,,,,,,,,,,,,,,,,,
,,,,,,,,,,,,,,,,,,
,Notes:,,,,,,,,,,,,,,,,,
,Green background means needs a spectrum,,,,,,,,,,,,,,,,,
,Bold text means no existing galaxy redshift,,,,,,,,,,,,,,,,,
,Italics means large offset and low surface brightness SN position,,,,,,,,,,,,,,,,,
,Underline means DR1,,,,,,,,,,,,,,,,,
,Red text means Keck target,,,,,,,,,,,,,,,,,